法律案例,相關法條
"一、處分時間：113年7月11日
二、相對人：三商美邦人壽保險股份有限公司
三、公司代表人：翁○○
四、出生年月日：略
五、性別：略
六、身分證統一號碼：略
七、地址：略
八、主旨：貴公司因112年底自有資本與風險資本比率(下稱資本適足率)及淨值比率未達保險法規定之資本適足等級，所提出提升至「資本適足等級」之增資、財務或業務改善計畫無法使公司113年度資本適足率提升至法定標準，違反保險法相關規定，依保險法第143條之6第2款第1目、第6目規定，核處限制貴公司不得新增與利害關係人之授信或其他交易（不包括既有已簽約或續約之利害關係人交易），直至貴公司資本適足率達法定標準並報經本會同意後，始得恢復辦理，暨令貴公司於一個月內提報具體、完整且可使貴公司於113年度資本適足率符合法令規定之增資、財務或業務改善計畫。
九、事實及理由：
(一)貴公司112年底資本適足率為111.09%、淨值比率為2.97%，本會依據保險法第143條之6第2款第1目規定，於113年4月2日函令貴公司提出提升至「資本適足等級」之增資、財務或業務改善計畫（下稱改善計畫），且計畫內容應完整，有具體明確之完成時程，並應定有具體備援方案，並敘明若所提改善計畫未完備則視為未提出。
(二)貴公司於113年5月6日及5月16日函報改善計畫，該計畫列有6項改善方案，分別為113年度完成不動產轉列投資用、現金增資3億股、私募負債型特別股、發行次順位債券新臺幣(下同)50億元等4項；114年度完成私募普通股或特別股、私募國內可轉換公司債等2項，並提出於114年度可評估啟動備援計畫，惟該計畫存在以下未完備之情事：
１、規劃113年度完成方案：
(１)貴公司稱可於113年12月完成私募負債型特別股，惟迄改善計畫函報時尚未與洽談中投資人簽定合約，且就簽約時間、申請審查及資金到位等程序均無具體時程，能否如期完成具有高度不確定性，無法確保可於113年底前完成。
(２)另按該計畫推估，不動產轉列投資用、現金增資3億股、發行次順位債券50億元均完成下，貴公司113年度資本適足率僅可提升約17.9個百分點，縱使加計私募負債型特別股可如期完成，整體改善計劃僅可提升113年度資本適足率約30.4個百分點，若以貴公司113年6月底資本適足率自結數約150%估算，加計上開113年度計畫推估資本適足率改善效果，預估資本適足率僅提升至約180.4%，改善計畫無法確保貴公司113年度可提升至資本適足等級，事實明確。
２、規劃114年度完成方案：貴公司稱可於114年度完成私募普通股或特別股、私募國內可轉換公司債等二方案，惟114年度方案本身即無法用以提升113年度資本適足率，緩不濟急，計畫所列執行進度僅規劃中，未提出執行方案所需各項工作之具體時程、合理性及可行性評估等，顯有高度不確定性。且貴公司規劃備援方案於114年度方評估啟動，顯然無法補救113年改善方案未能如規劃達成，所導致資本適足率無法提升至資本適足等級之備援效果，難以有效發揮備援功能。
十、法令依據：
(一)依保險法第143條之4第1項、同條第4項授權訂定之「保險業資本適足性管理辦法」第4條第1項規定，保險業資本適足率不得低於資本適足等級，貴公司112年底資本適足率（111.09%）及淨值比率（2.97%）未達「保險業資本適足性管理辦法」第4條第1項、第5條第1項第1款所定資本適足等級，核屬第5條第1項第3款所定「資本顯著不足」。
(二)貴公司所報改善計畫內容無明確執行時程且具高度不確定性，欠缺可行性，尚難認依所提改善計畫確實執行可使113年度資本適足率達法定標準，改善計畫未完備事實明確，爰視為貴公司未提出改善計畫，核違反保險法第143條之6第1款第1目規定。
(三)考量貴公司為強化資本，自111年迄今已完成不動產之處分或轉列、出售所持有證券投資信託公司股權，並完成4次現金增資共137.51億元，另預計於113年度再完成現金增資3億股，據貴公司113年第1季財務報表顯示淨值比率已達3%，已有就增資盡一定努力，經綜合評估考量，爰依保險法第143條之6第2款第6目規定，核處限制貴公司自本處分書送達翌日起，不得新增與利害關係人之授信或其他交易（不包括既有已簽約或續約之利害關係人交易），直至貴公司資本適足率達法定標準並報經金管會同意後，始得恢復辦理，暨依同條第2款第1目規定，令貴公司於一個月內提報具體、完整且可使113年度資本適足率符合法令規定之增資、財務或業務改善計畫。
附註：受處分人如不服本處分，應於本處分送達之次日起30日內，依訴願法第58條第1項規定，繕具訴願書經由本會（新北市板橋區縣民大道二段7號18樓）向行政院提起訴願。惟依訴願法第93條第1項規定，除法律另有規定外，訴願之提起並不停止本處分之執行。","保險法 第 143-4 條: 保險業自有資本與風險資本之比率及淨值比率，不得低於一定比率。 | 保險業依自有資本與風險資本之比率及淨值比率，劃分為下列資本等級：一、資本適足。二、資本不足。三、資本顯著不足。四、資本嚴重不足。 | 前項第四款所稱資本嚴重不足，指自有資本與風險資本之比率低於第一項所定一定比率之百分之二十五或保險業淨值低於零。 | 第一項所定一定比率、淨值比率之計算、自有資本與風險資本之範圍、計算方法、管理、第二項資本等級之劃分及其他應遵行事項之辦法，由主管機關定之。
保險法 第 143-6 條: 主管機關應依保險業資本等級，對保險業採取下列措施之一部或全部：一、資本不足者：（一）令其或其負責人限期提出增資、其他財務或業務改善計畫。屆期未提出增資、財務或業務改善計畫，或未依計畫確實執行者，得採取次一資本等級之監理措施。（二）令停售保險商品或限制保險商品之開辦。（三）限制資金運用範圍。（四）限制其對負責人有酬勞、紅利、認股權憑證或其他類似性質之給付。（五）其他必要之處置。二、資本顯著不足者：（一）前款之措施。（二）解除其負責人職務，並通知公司（合作社）登記主管機關廢止其負責人登記。（三）停止其負責人於一定期間內執行職務。（四）令取得或處分特定資產，應先經主管機關核准。（五）令處分特定資產。（六）限制或禁止與利害關係人之授信或其他交易。（七）令其對負責人之報酬酌予降低，降低後之報酬不得超過該保險業資本等級列入資本顯著不足等級前十二個月內對該負責人支給平均報酬之百分之七十。（八）限制增設或令限期裁撤分支機構或部門。（九）其他必要之處置。三、資本嚴重不足者：除前款之措施外，應採取第一百四十九條第三項第一款規定之處分。
保險業資本適足性管理辦法 第 4 條: 本法第一百四十三條之四所稱保險業之自有資本與風險資本之比率（以下簡稱資本適足率）及淨值比率，不得低於一定比率，係指不得低於第五條所定資本適足等級比率。 | 保險業資本適足率依下列公式計算：資本適足率＝（自有資本／風險資本）ｘ百分之一百 | 第二條自有資本及第三條風險資本之計算，應依填報手冊辦理。 | 第一項所稱淨值比率，係指保險業經會計師查核簽證財務報告之業主權益除以不含投資型保險專設帳簿之資產總額。但主管機關另有規定者，從其規定。
保險業資本適足性管理辦法 第 5 條: 保險業資本等級之劃分如下：一、資本適足：指保險業資本適足率達百分之二百，且最近二期淨值比率至少一期達百分之三。二、資本不足，指有下列情形之一：（一）指保險業資本適足率在百分之一百五十以上，未達百分之二百。（二）保險業最近二期淨值比率均未達百分之三且其中至少一期在百分之二以上。三、資本顯著不足，指有下列情形之一：（一）指保險業資本適足率在百分之五十以上，未達百分之一百五十。（二）保險業最近二期淨值比率均未達百分之二且在零以上。四、資本嚴重不足：指依本法第一百四十三之四第三項規定，保險業資本適足率低於百分之五十或保險業淨值低於零。 | 保險業依第一項劃分標準如同時符合二等級，以較低等級為資本等級。
保險業資本適足性管理辦法 第 3 條: 本法所稱之風險資本，指依照保險業實際經營所承受之風險程度，計算而得之資本總額；其範圍包括下列風險項目：一、人身保險業：（一）資產風險。（二）保險風險。（三）利率風險。（四）其他風險。二、財產保險業：（一）資產風險。（二）信用風險。（三）核保風險。（四）資產負債配置風險。（五）其他風險。
保險業資本適足性管理辦法 第 2 條: 本法所稱之自有資本劃分為第一類非限制性資本、第一類限制性資本及第二類資本。 | 第一類非限制性資本之範圍包括普通股、資本公積、保留盈餘、其他綜合損益等依本辦法規定經主管機關認許之資本總額及保險業計算自有資本及風險資本之範圍及計算公式之相關報表及填報手冊（以下簡稱填報手冊）所定之調整項目。 | 第一類限制性資本之範圍為下列各項目之合計數及填報手冊所定之調整項目：一、非累積且無利率加碼或其他提前贖回誘因之負債型特別股。二、非累積且無利率加碼或其他提前贖回誘因之次順位債券。 | 第二類資本之範圍為下列各項目之合計數及填報手冊所定之調整項目：一、累積或有利率加碼或其他提前贖回誘因之負債型特別股。二、累積或有利率加碼或其他提前贖回誘因之次順位債券。三、發行期限十年以上之次順位債券。四、發行期限不低於五年且在十年以內之可轉換次順位債券。五、不動產於首次適用國際財務報導準則時，以公允價值或重估價值作為認定成本所提列之特別準備及特別盈餘公積。六、投資性不動產公允價值調整數。"
"金融監督管理委員會　裁處書
受文者：如正副本
發文日期：中華民國113年5月14日
發文字號：金管銀控字第11302715242號
受處分人：元大商業銀行股份有限公司
營利事業統一編號：86517315
地址：臺北市松山區敦化南路1段66號1樓
代表人或管理人姓名：張OO
地址：同上
主旨：貴行債權管理部前行員挪用催收款項相關缺失，核有違反銀行法第45條之1第1項規定，依同法第129條第7款規定，核處新臺幣(以下同)400萬元罰鍰。
事實：貴行債權管理部前行員林OO(下稱林員)辦理呆帳案件催收，自110年1月間至112年9月間，利用職務之便，挪用呆帳客戶所繳償還債務款項，違規行為時間約2年8個月，受影響客戶計46戶，挪用款項計2,879,155元。案關缺失顯示貴行有未完善建立及未確實執行內部控制制度之情事。
理由及法令依據：
一、銀行法第45條之1第1項及其授權訂定之「金融控股公司及銀行業內部控制及稽核制度實施辦法」第3條第1項、第8條第1項及第3項規定，銀行應建立內部控制制度，包括人事管理及授信管理。另依銀行法第129條第7款規定，銀行未依第45條之1建立內部控制制度或確實執行，處200萬元以上5,000萬元以下罰鍰。
二、經核貴行有下列未完善建立及未確實執行內部控制制度情事：
(一)未完善建立內部控制制度：
１、未建立作業牽制機制：貴行催收手冊所定作業程序，相關聯繫客戶協議還款方案、申請呆帳案件減免額度，及通知客戶核准額度與繳款帳號等作業，全程均由同一催收經辦人員辦理，欠缺作業牽制機制。
２、未建立妥適通知確認機制：貴行未建立妥適之客戶債務協議結果通知確認機制(例如協議結果書面文件或第三人通知等)，使林員得以作業流程之漏洞，虛報不實協議債權金額，進而從中挪用款項。
(二)未確實執行內部控制制度：貴行就辦理呆帳催收已定有相關作業規範，惟本案林員未依規辦理，私下以個人行動電話聯繫客戶協商還款方案並提供個人帳戶供客戶還款，進而挪用催收款項，核有未確實執行相關作業程序。
三、上開缺失顯示貴行有未完善建立及未確實執行內部控制制度之情事，違反銀行法第45條之1第1項及該條授權訂定之「金融控股公司及銀行業內部控制及稽核制度實施辦法」第3條第1項、第8條第1項及第3項規定，爰依銀行法第129條第7款規定，核處罰鍰400萬元。
繳款方式：
一、繳款期限：自本處分送達之次日起10日內繳納。
二、請依本會銀行局檢附之繳款單注意事項辦理繳納。
注意事項：
一、受處分人如不服本處分，應於本處分送達之次日起30日內，依訴願法第58條第1項規定，繕具訴願書經由本會（新北市板橋區縣民大道二段7號18樓）向行政院提起訴願。惟依訴願法第93條第1項規定，除法律另有規定外，訴願之提起並不停止本處分之執行，受處分人仍應繳納罰鍰。
二、受處分人如逾本處分所定繳款期限不繳納罰鍰者，即依行政執行法第4條第1項但書規定，移送法務部行政執行署各分署辦理行政執行。
正本：元大商業銀行股份有限公司（代表人張OO先生）
副本：元大金融控股股份有限公司（代表人申OO先生）、中央銀行、中央存款保險股份有限公司(代表人蘇OO先生)、本會檢查局、銀行局","銀行法 第 45-1 條: 銀行應建立內部控制及稽核制度；其目的、原則、政策、作業程序、內部稽核人員應具備之資格條件、委託會計師辦理內部控制查核之範圍及其他應遵行事項之辦法，由主管機關定之。 | 銀行對資產品質之評估、損失準備之提列、逾期放款催收款之清理及呆帳之轉銷，應建立內部處理制度及程序；其辦法，由主管機關定之。 | 銀行作業委託他人處理者，其對委託事項範圍、客戶權益保障、風險管理及內部控制原則，應訂定內部作業制度及程序；其辦法，由主管機關定之。 | 銀行辦理衍生性金融商品業務，其對該業務範圍、人員管理、客戶權益保障及風險管理，應訂定內部作業制度及程序；其辦法，由主管機關定之。
銀行法 第 129 條: 有下列情事之一者，處新臺幣二百萬元以上五千萬元以下罰鍰：一、違反第二十一條、第二十二條或第五十七條或違反第一百二十三條準用第二十一條、第二十二條或第五十七條規定。二、違反第二十五條第一項規定發行股票。三、違反第二十八條第一項至第三項或違反第一百二十三條準用第二十八條第一項至第三項規定。四、違反主管機關依第三十三條之三或第三十六條或依第一百二十三條準用第三十三條之三或第三十六條規定所為之限制。五、違反主管機關依第四十三條或依第一百二十三條準用第四十三條規定所為之通知，未於限期內調整。六、違反第四十四條之一或主管機關依第四十四條之二第一項所為措施。七、未依第四十五條之一或未依第一百二十三條準用第四十五條之一規定建立內部控制與稽核制度、內部處理制度與程序、內部作業制度與程序或未確實執行。八、未依第一百零八條第二項或未依第一百二十三條準用第一百零八條第二項規定報核。九、違反第一百十條第四項或違反第一百二十三條準用第一百十條第四項規定，未提足特別準備金。十、違反第一百十五條第一項或違反第一百二十三條準用第一百十五條第一項募集共同信託基金。十一、違反第四十八條規定。
金融控股公司及銀行業內部控制及稽核制度實施辦法 第 3 條: 金融控股公司及銀行業應建立內部控制制度，並確保該制度得以持續有效執行，以健全金融控股公司（含子公司）與銀行業經營。 | 金融控股公司（含子公司）與銀行業應規劃整體經營策略、風險管理政策與指導準則，並擬定經營計畫、風險管理程序及執行準則。
金融控股公司及銀行業內部控制及稽核制度實施辦法 第 8 條: 內部控制制度應涵蓋所有營運活動，並應訂定下列適當之政策及作業程序，且應適時檢討修訂：一、組織規程或管理章則，應包括訂定明確之組織系統、單位職掌、業務範圍與明確之授權及分層負責辦法。二、相關業務規範及處理手冊，包括：（一）投資準則。（二）客戶資料保密。（三）利害關係人交易規範。（四）股權管理。（五）財務報表編製流程之管理，包括適用國際財務報導準則之管理、會計專業判斷程序、會計政策與估計變動之流程等。（六）總務、資訊、人事管理（銀行業應含輪調及休假規定）。（七）對外資訊揭露作業管理。（八）金融檢查報告之管理。（九）金融消費者保護之管理。（十）重大偶發事件之處理機制。（十一）防制洗錢及打擊資恐機制及相關法令之遵循管理，包括辨識、衡量、監控洗錢及資恐風險之管理機制。（十二）其他業務之規範及作業程序。 | 金融控股公司業務規範及處理手冊應另包括子公司之管理及共同行銷管理。 | 銀行業務規範及處理手冊應另包括出納、存款、匯兌、授信、外匯、新種金融商品及委外作業管理。 | 信用合作社業務規範及處理手冊應另包括出納、存款、授信、匯兌及委外作業管理。 | 票券商業務規範及處理手冊應另包括票券、債券及新種金融商品等業務。 | 信託業作業手冊之範本由信託業商業同業公會訂定，其內容應區分業務作業流程、會計作業流程、電腦作業規範、人事管理制度等項。信託業應參考範本訂定作業手冊，並配合法規、業務項目、作業流程等之變更，定期修訂。 | 股票已在證券交易所上市或於證券商營業處所買賣之金融控股公司及銀行業，應將薪資報酬委員會運作之管理納入內部控制制度。 | 金融控股公司及銀行業設置審計委員會者，其內部控制制度，應包括審計委員會議事運作之管理。 | 金融控股公司及銀行業應於內部控制制度中，訂定對子公司必要之控制作業，其為國外子公司者，並應考量該子公司所在地政府法令之規定及實際營運之性質，督促其子公司建立內部控制制度。 | 金融控股公司及銀行業應建立集團整體性防制洗錢及打擊資恐計畫，包括在符合國外分公司（或子公司）當地法令下，以防制洗錢及打擊資恐為目的之集團內資訊分享政策及程序。 | 前十項各種作業及管理規章之訂定、修訂或廢止，必要時應有法令遵循、內部稽核及風險管理單位等相關單位之參與。第三章內部控制制度之查核"
"金融監督管理委員會　裁處書
受文者：如正副本
發文日期：中華民國113年4月23日
發文字號：金管銀控字第11301346032號
受處分人：新光金融控股股份有限公司
營利事業統一編號：80328219
地址：臺北市中正區忠孝西路1段66號38樓
代表人或管理人姓名：陳OO
地址：同上
主旨：貴公司核有未善盡維持子公司新光人壽保險公司(下稱新光人壽)健全經營之責，致影響金控公司整體財務、業務健全，有礙金控公司健全經營之虞，依金融控股公司法第54條第1項規定核處予以糾正，及依同條項第7款規定，命貴公司自本裁處書送達翌日起，調降董事長陳OO(下稱陳董事長)113年度所有薪酬50%，為期1年。
事實：
一、貴公司子公司新光人壽112年6月底、12月底自有資本及風險資本比率(下稱資本適足率)未達保險法規定之資本適足等級，本會於112年8月31日函令新光人壽提出提升至資本適足等級之增資、財務或業務改善計畫，嗣於113年1月22日以金管保壽字第1130490266號函要求新光人壽於文到一個月內提具完整、具體且可確保其113年6月底資本適足率符合法令規定之增資計畫及明確時程。
二、本會112年已促請貴公司對新光人壽增資，嗣於113年1月23日金管銀控字第1130270270號函及113年2月15日金管銀控字第1130270482號函，要求貴公司應依金融控股公司法第53條、第56條規定，於文到一個月內提出對新光人壽之增資計畫及明確時程，內容應包括對新光人壽現金增資及資金來源之規劃。
三、貴公司於113年2月22日函報對新光人壽之增資計畫，包括由各子公司盈餘上繳新臺幣(下同)70億元轉增資新光人壽、新光人壽發行具資本性質債券80億元，上開方案執行後資本適足率約為169％，另餘31個百分點之缺口，則以財務及業務改善面提升計畫為之，內容有欠具體，欠缺量化評估依據，且具有高度不確定性。
理由及法令依據：
一、按金融控股公司法第53條第1項規定，金融控股公司之保險子公司所受之增資處分，金融控股公司應於持股比例範圍內為其籌募資金。另同法第56條第1項及第2項規定，金融控股公司之保險子公司未達主管機關規定之最低資本適足率時，金融控股公司應協助其回復正常營運，主管機關為確保公共利益或穩定金融市場之必要，得命金融控股公司履行前項之義務。次按金融控股公司法第54條第1項、同條項第7款規定，金融控股公司有違反法令、章程或有礙健全經營之虞時，主管機關除得予以糾正、限期命其改善外，並得視情節之輕重，為其他必要之處置。
二、金控公司應確保其子公司之健全經營，且金控公司之資本適足率係以集團合格資本淨額除以集團法定資本需求，故如子公司合格資本不足，而金控公司卻遲未予以增資，除影響子公司自身健全經營外，亦將反映於金控母公司之資本適足率中，進而影響整體金控公司之健全經營。貴公司113年2月22日所函報之計畫內容，經核未依本會要求於期限內，提出可確保子公司新光人壽113年6月底資本適足率達保險法規定資本適足等級之增資計畫及明確時程，未能確保新光人壽之健全經營，致影響金控公司整體財務、業務健全，爰依金融控股公司法第54條第1項規定核處予以糾正。
三、金融控股公司之董事長應負責督導公司履行金融控股公司法所定管理子公司之義務，包含依法為保險子公司籌募資金及協助保險子公司回復正常營運。新光人壽112年上、下半年資本適足率未達法定標準，已影響金控公司及子公司之健全經營，而陳董事長擔任貴公司董事長，充分知悉對新光人壽增資之必要性與急迫性，卻未善盡董事長職責，未採取積極有效作為，以督導金控公司落實執行維護健全經營及維護保戶權益之措施。對部分董事或獨立董事於董事會建議公司應儘速擬定現金增資時程，讓有意願增資股東出資，陳董事長仍主張並主導通過以委託財顧公司進行評估之方式為之，拖延增資時程，且迄今亦未採取更積極之有效作為，以督導貴公司提出可確保新光人壽113年6月底資本適足率符合法定標準之增資計畫及明確時程，有立即導正之必要，爰依金融控股公司法第54條第1項第7款規定，命貴公司自本裁處書送達翌日起，調降陳董事長113年度所有薪酬50%，為期1年。
注意事項：受處分人如不服本處分，應於本處分送達之次日起30日內，依訴願法第58條第1項規定，繕具訴願書經由本會（新北市板橋區縣民大道二段7號18樓）向行政院提起訴願。惟依訴願法第93條第1項規定，除法律另有規定外，訴願之提起並不停止本處分之執行。
正本：新光金融控股股份有限公司(代表人陳OO先生)
副本：中央銀行、本會檢查局、保險局、銀行局","金融控股公司法 第 53 條: 金融控股公司之銀行子公司、保險子公司或證券子公司所受之增資處分，金融控股公司應於持股比例範圍內為其籌募資金。 | 金融控股公司之累積虧損逾實收資本額三分之一者，應即召開董事會，並通知監察人列席後，將董事會決議事項、財務報表、虧損原因及改善計畫函報主管機關。 | 金融控股公司有前項情形時，主管機關應限期令其補足資本。 | 金融控股公司為辦理前項之補足資本，報經主管機關核准者，得以含當年度虧損之累積虧損，於當年度中辦理減少資本及銷除股份，並就所減資本額辦理現金增資，以補足所銷除之股份。
金融控股公司法 第 54 條: 金融控股公司有違反法令、章程或有礙健全經營之虞時，主管機關除得予以糾正、限期令其改善外，並得視情節之輕重，為下列處分：一、撤銷法定會議之決議。二、停止其子公司一部或全部業務。三、令其解除經理人或職員之職務。四、解除董事、監察人職務或停止其於一定期間內執行職務。五、令其處分持有子公司之股份。六、廢止許可。七、其他必要之處置。 | 依前項第四款解除董事、監察人職務時，由主管機關通知經濟部廢止其董事或監察人登記。 | 依第一項第六款廢止許可時，主管機關應令該金融控股公司於一定期限內處分其對銀行、保險公司或證券商持有之已發行有表決權股份或資本額及直接、間接選任或指派之董事人數至不符第四條第一款規定，並令其不得再使用金融控股公司之名稱及辦理公司變更登記；未於期限內處分完成者，應令其進行解散及清算。
金融控股公司法 第 56 條: 金融控股公司之銀行子公司、保險子公司或證券子公司未達主管機關規定之最低資本適足性比率或發生業務或財務狀況顯著惡化，不能支付其債務或有損及存款人利益之虞時，金融控股公司應協助其回復正常營運。 | 銀行子公司、保險子公司或證券子公司有前項情形者，主管機關為確保公共利益或穩定金融市場之必要，得命金融控股公司履行前項之義務，或於一定期間內處分該金融控股公司持有其他投資事業之一部或全部之股份、營業或資產，所得款項，應用於改善銀行子公司、保險子公司或證券子公司之財務狀況。第五章罰則
金融控股公司法 第 40 條: 金融控股公司以合併基礎計算之資本適足性比率、衡量範圍及計算辦法，由主管機關定之。 | 金融控股公司之實際資本適足性比率低於前項辦法之規定者，主管機關得命其增資、限制其分配盈餘、停止或限制其投資、限制其發給董事、監察人酬勞或為其他必要之處置或限制；其辦法，由主管機關定之。
保險業資本適足性管理辦法 第 4 條: 本法第一百四十三條之四所稱保險業之自有資本與風險資本之比率（以下簡稱資本適足率）及淨值比率，不得低於一定比率，係指不得低於第五條所定資本適足等級比率。 | 保險業資本適足率依下列公式計算：資本適足率＝（自有資本／風險資本）ｘ百分之一百 | 第二條自有資本及第三條風險資本之計算，應依填報手冊辦理。 | 第一項所稱淨值比率，係指保險業經會計師查核簽證財務報告之業主權益除以不含投資型保險專設帳簿之資產總額。但主管機關另有規定者，從其規定。
保險業資本適足性管理辦法 第 5 條: 保險業資本等級之劃分如下：一、資本適足：指保險業資本適足率達百分之二百，且最近二期淨值比率至少一期達百分之三。二、資本不足，指有下列情形之一：（一）指保險業資本適足率在百分之一百五十以上，未達百分之二百。（二）保險業最近二期淨值比率均未達百分之三且其中至少一期在百分之二以上。三、資本顯著不足，指有下列情形之一：（一）指保險業資本適足率在百分之五十以上，未達百分之一百五十。（二）保險業最近二期淨值比率均未達百分之二且在零以上。四、資本嚴重不足：指依本法第一百四十三之四第三項規定，保險業資本適足率低於百分之五十或保險業淨值低於零。 | 保險業依第一項劃分標準如同時符合二等級，以較低等級為資本等級。"
"一、裁罰時間：113年4月23日
二、受裁罰之對象：新光人壽保險股份有限公司
三、公司代表人：魏ＯＯ
四、出生年月日：略
五、性別：略
六、身分證統一號碼：略
七、地址：略
八、主旨：貴公司因112年6月底、112年底連續二期自有資本與風險資本比率未達保險法規定之資本適足等級，所提出之增資、財務或業務改善計畫無法使貴公司113年6月底資本適足率提升至法定標準，核有違反保險法相關規定，依保險法第143條之6第1款第1目規定採取次一資本等級之監理措施，即依同條第2款第6目規定，核處限制貴公司自本處分書送達翌日起，不得新增與利害關係人之授信或其他交易（不包括既有已簽約或續約之利害關係人交易），直至貴公司資本適足率達法定標準並報經本會同意後，始得恢復辦理，暨依同條款第1目規定，令貴公司於一個月內提報具體、完整且可使貴公司於合理期間資本適足率符合法令規定之增資、財務或業務改善計畫。另併依同條款第7目規定，令貴公司調降董事長魏ＯＯ113年度所有薪酬30%，為期一年。
九、事實及理由：
(一)貴公司112年6月底自有資本與風險資本比率（下稱資本適足率）為184.38%，本會依據保險法第143條之6第1款第1目規定於112年8月31日函令貴公司提出提升至「資本適足等級」之增資、財務或業務改善計畫（下稱改善計畫）。經貴公司112年10月4日及11月20日函報改善計畫，惟改善內容有關現金增資新臺幣（下同）70億元無具體增資時程，經本會多次去函要求補正具體時程未果，且112年底僅完成15億元增資，致112年底資本適足率自結數僅179%（依貴公司113年3月29日所報112年度檢查報表，112年底資本適足率僅176.37%），未達法定標準。
(二)本會於113年1月22日函請貴公司速併112年度未完成之55億元及承諾113年度應辦理之70億元現金增資，提具完整、具體且可確保貴公司113年6月底資本適足率符合法令規定之增資計畫及明確時程。惟依貴公司113年2月22日函報「新光人壽113年6月底資本適足率提升計畫」（下稱113年改善計畫）未完備，雖規劃增資70億元及發債80億元，惟執行後僅能使113年6月底預估資本適足率提升至169%，其他改善措施包括提升經常性收益、增加資本利得、降低避險成本、提升不動產收益及撙節費用等亦欠缺量化評估依據，具高度不確定性，且無明確執行時程，尚難認依所提計畫確實執行能使貴公司113年6月底資本適足率達法定標準。
(三)董事長魏ＯＯ應充分瞭解貴公司增資之必要性及急迫性，惟渠身為貴公司董事長，卻僅將本會相關函示、到會溝通情形於董事會中說明，並未於董事會中表達應積極尋求新光金控現金增資，且承諾113年增資70億元中之55億元亦未有具體時程，即於113年2月17日董事會通過無法使貴公司113年6月底前資本適足率達法定標準之改善計畫，顯見董事長魏ＯＯ未能善盡董事長職責，不利公司健全經營及維護保戶權益。
十、法令依據：
(一)依保險法第143條之4第1項、同條第4項授權訂定之「保險業資本適足性管理辦法」第4條第1項規定，保險業資本適足率不得低於資本適足等級。上述事實(一)及(二)，貴公司資本適足率在112年6月底（184.38%）及112年底（176.37%），未達保險法第143條之4第1項、同條第4項授權訂定之保險業資本適足性管理辦法第4條第1項、第5條第1項第1款所定資本適足率之法定標準，核屬同條項第2款第1目所定「資本不足」之情事。本會依保險法第143條之6第1款第1目規定要求貴公司提出改善計畫，惟貴公司所提計畫仍未完備，亦無法使貴公司113年6月底資本適足率達法定標準，核與上開規定不符，依保險法第143條之6第1款第1目規定採取次一資本等級之監理措施，即依同條第2款第6目規定，核處限制貴公司自本處分書送達翌日起，不得新增與利害關係人之授信或其他交易（不包括既有已簽約或續約之利害關係人交易），直至貴公司資本適足率達法定標準並報經本會同意後，始得恢復辦理，暨依同條款第1目規定，令貴公司於一個月內提報具體、完整且可使貴公司於合理期間資本適足率符合法令規定之增資、財務或業務改善計畫。
(二)另按董事長職責應負責監督管理公司的整體運營及管理，並應確保公司之健全經營，由上述事實(三)，顯示董事長魏ＯＯ有未善盡董事長職責，未於董事會中表達應積極尋求新光金控現金增資，且迄今仍未採取更積極之有效作為，以督導貴公司提出可確保113年6月底資本適足率符合法定標準之增資計畫及明確時程，有立即導正之必要，爰併依保險法第143條之6第2款第7目規定，令貴公司自本處分書送達翌日起，調降董事長魏ＯＯ113年度所有薪酬30%，為期一年。","保險法 第 143-4 條: 保險業自有資本與風險資本之比率及淨值比率，不得低於一定比率。 | 保險業依自有資本與風險資本之比率及淨值比率，劃分為下列資本等級：一、資本適足。二、資本不足。三、資本顯著不足。四、資本嚴重不足。 | 前項第四款所稱資本嚴重不足，指自有資本與風險資本之比率低於第一項所定一定比率之百分之二十五或保險業淨值低於零。 | 第一項所定一定比率、淨值比率之計算、自有資本與風險資本之範圍、計算方法、管理、第二項資本等級之劃分及其他應遵行事項之辦法，由主管機關定之。
保險法 第 143-6 條: 主管機關應依保險業資本等級，對保險業採取下列措施之一部或全部：一、資本不足者：（一）令其或其負責人限期提出增資、其他財務或業務改善計畫。屆期未提出增資、財務或業務改善計畫，或未依計畫確實執行者，得採取次一資本等級之監理措施。（二）令停售保險商品或限制保險商品之開辦。（三）限制資金運用範圍。（四）限制其對負責人有酬勞、紅利、認股權憑證或其他類似性質之給付。（五）其他必要之處置。二、資本顯著不足者：（一）前款之措施。（二）解除其負責人職務，並通知公司（合作社）登記主管機關廢止其負責人登記。（三）停止其負責人於一定期間內執行職務。（四）令取得或處分特定資產，應先經主管機關核准。（五）令處分特定資產。（六）限制或禁止與利害關係人之授信或其他交易。（七）令其對負責人之報酬酌予降低，降低後之報酬不得超過該保險業資本等級列入資本顯著不足等級前十二個月內對該負責人支給平均報酬之百分之七十。（八）限制增設或令限期裁撤分支機構或部門。（九）其他必要之處置。三、資本嚴重不足者：除前款之措施外，應採取第一百四十九條第三項第一款規定之處分。
保險業資本適足性管理辦法 第 4 條: 本法第一百四十三條之四所稱保險業之自有資本與風險資本之比率（以下簡稱資本適足率）及淨值比率，不得低於一定比率，係指不得低於第五條所定資本適足等級比率。 | 保險業資本適足率依下列公式計算：資本適足率＝（自有資本／風險資本）ｘ百分之一百 | 第二條自有資本及第三條風險資本之計算，應依填報手冊辦理。 | 第一項所稱淨值比率，係指保險業經會計師查核簽證財務報告之業主權益除以不含投資型保險專設帳簿之資產總額。但主管機關另有規定者，從其規定。
保險業資本適足性管理辦法 第 5 條: 保險業資本等級之劃分如下：一、資本適足：指保險業資本適足率達百分之二百，且最近二期淨值比率至少一期達百分之三。二、資本不足，指有下列情形之一：（一）指保險業資本適足率在百分之一百五十以上，未達百分之二百。（二）保險業最近二期淨值比率均未達百分之三且其中至少一期在百分之二以上。三、資本顯著不足，指有下列情形之一：（一）指保險業資本適足率在百分之五十以上，未達百分之一百五十。（二）保險業最近二期淨值比率均未達百分之二且在零以上。四、資本嚴重不足：指依本法第一百四十三之四第三項規定，保險業資本適足率低於百分之五十或保險業淨值低於零。 | 保險業依第一項劃分標準如同時符合二等級，以較低等級為資本等級。
保險業資本適足性管理辦法 第 3 條: 本法所稱之風險資本，指依照保險業實際經營所承受之風險程度，計算而得之資本總額；其範圍包括下列風險項目：一、人身保險業：（一）資產風險。（二）保險風險。（三）利率風險。（四）其他風險。二、財產保險業：（一）資產風險。（二）信用風險。（三）核保風險。（四）資產負債配置風險。（五）其他風險。
保險業資本適足性管理辦法 第 2 條: 本法所稱之自有資本劃分為第一類非限制性資本、第一類限制性資本及第二類資本。 | 第一類非限制性資本之範圍包括普通股、資本公積、保留盈餘、其他綜合損益等依本辦法規定經主管機關認許之資本總額及保險業計算自有資本及風險資本之範圍及計算公式之相關報表及填報手冊（以下簡稱填報手冊）所定之調整項目。 | 第一類限制性資本之範圍為下列各項目之合計數及填報手冊所定之調整項目：一、非累積且無利率加碼或其他提前贖回誘因之負債型特別股。二、非累積且無利率加碼或其他提前贖回誘因之次順位債券。 | 第二類資本之範圍為下列各項目之合計數及填報手冊所定之調整項目：一、累積或有利率加碼或其他提前贖回誘因之負債型特別股。二、累積或有利率加碼或其他提前贖回誘因之次順位債券。三、發行期限十年以上之次順位債券。四、發行期限不低於五年且在十年以內之可轉換次順位債券。五、不動產於首次適用國際財務報導準則時，以公允價值或重估價值作為認定成本所提列之特別準備及特別盈餘公積。六、投資性不動產公允價值調整數。"
"金融監督管理委員會　裁處書
受文者：如正副本
發文日期：中華民國113年4月18日
發文字號：金管證投罰字第1120365880號
受處分人：國泰證券投資信託股份有限公司
營利事業統一編號：70763944
地址：臺北市大安區○○路○○號○○樓
代表人或管理人姓名：張○○
地址：臺北市大安區○○路○○號○○樓
主旨：貴公司違反證券投資信託及顧問法（下稱投信投顧法）第69條等規定，爰依同法第103條第1款規定，對貴公司予以警告處分，併依同法第111條第7款規定，核處新臺幣（以下同）120萬元罰鍰。
事實：本會檢查局於112年8月14日至25日對貴公司進行一般業務檢查，發現下列缺失：
一、貴公司前國泰人壽全權委託國泰投信投資帳戶（台股九）經理人吳○○於擔任全權委託投資經理人期間，有以職務上知悉之消息，於全權委託投資帳戶（下稱全委帳戶）從事個股交易期間，利用他人帳戶為相同個股買賣，且未向公司申報交易之情事。
二、貴公司買入海外債券之投資分析及檢討作業、對海外債券之信用風險分析及暴險部位管理、就投資私募基金之應募人提供具備充分之金融商品專業知識及交易經驗之聲明書未取得合理可信之佐證依據、對高齡客戶基金申購書內容之修改未經客戶確認，有作業面及內部管理面之缺失。
理由及法令依據：
一、上述事實一：
(一)貴公司前國泰人壽全權委託國泰投信投資帳戶（台股九）經理人吳○○於擔任全權委託投資經理人期間，有以職務上知悉之消息，於全委帳戶從事個股交易期間，利用陳○○及陳○○帳戶為相同個股買賣，且未向公司申報交易之情事，貴公司對前全權委託投資經理人吳○○之個人交易違規行為未善盡督導之責，核已違反證券投資信託及顧問法第69條授權所定之證券投資信託事業負責人與業務人員管理規則第13條第2項第1款、第14條第5項準用第2項及證券投資信託事業證券投資顧問事業經營全權委託投資業務管理辦法第19條之1規定。
(二)貴公司內部控制制度之設計與執行未具有效性，未能有效防範利益衝突，且未能有效督導及查核經理人個人交易行為，致前全權委託投資經理人吳○○得於全委帳戶從事個股交易期間，利用特定人帳戶為相同個股買賣，復以職務上知悉之消息從事有價證券之交易，且未向公司申報交易，核已違反證券投資信託事業管理規則第2條第2項及證券暨期貨市場各服務事業建立內部控制制度處理準則（下稱內控處理準則）第6條第2項規定。
二、上述事實二：
(一)買入海外債券之投資分析報告未檢視債券最新信用評等資料及對債券遭信用評等公司撤銷評等未檢視評估投資信用風險，內部控制制度設計未具有效性，核已違反內控處理準則第6條第2項規定。
(二)買入無信用評等之債券，投資分析報告未對發行人財、業務數據逐年惡化予以評估；對中國地產業信用風險劇增及債券價格大幅下跌，未整體檢視暴險部位及損失情形，內部控制制度設計未具有效性，核已違反內控處理準則第6條第2項規定。
(三)投資私募基金之應募人提供具備充分之金融商品專業知識及交易經驗之聲明書，惟貴公司未向應募人取得合理可信之佐證依據，核已違反本會106年10月19日金管證投字第1060038414號令規定。
(四)對高齡客戶基金申購書內容之修改，未經客戶確認，內部控制制度未確實執行，核已違反內控處理準則第6條第2項規定。
三、綜前所述，吳○○擔任公司全權委託投資經理人期間，已聲明遵循個人交易規範，惟利用他人帳戶買賣與全委帳戶相同標的，核已影響貴公司全權委託投資業務經營之正常執行，違規情節重大；而貴公司內部控制制度未能有效督導及查核全權委託投資經理人個人交易行為、內部控制制度之設計與執行未具有效性，致吳○○發生前開違規行為，本案爰依證券投資信託及顧問法處分如次：
(一)依證券投資信託及顧問法第103條第1款規定，核處警告。
(二)針對理由及法令依據一所述違規事實，依同法第111條第7款處罰鍰120萬元。
繳款方式：
一、繳款期限：自本處分送達之次日起10日內繳納。
二、請依本會證券期貨局檢附之繳款單注意事項辦理繳納。
注意事項：
一、受處分人如不服本處分，應於本處分送達之次日起30日內，依訴願法第58條第1項規定，繕具訴願書經由本會（新北市板橋區縣民大道二段7號18樓）向行政院提起訴願。惟依訴願法第93條第1項規定，除法律另有規定外，訴願之提起並不停止本處分之執行，受處分人仍應繳納罰鍰。
二、受處分人如逾本處分所定繳款期限不繳納罰鍰者，即依行政執行法第4條第1項但書規定，移送法務部行政執行署各分署辦理行政執行。
正本：國泰證券投資信託股份有限公司(代表人○○先生)
副本：金融監督管理委員會檢查局、中華民國證券投資信託暨顧問商業同業公會(代表人劉○○先生)、證期局投信投顧組、證期局秘書室、證期局主計室
金融監督管理委員會　裁處書
受文者：如正副本
發文日期：中華民國113年4月18日
發文字號：金管證投字第11203658801號
受處分人：吳○○
國民身分證統一編號或外國人之國籍及居留證編號：○○
地址：○○
主旨：命令國泰證券投資信託股份有限公司（以下簡稱國泰投信）解除受處分人之職務。
事實：本會檢查局於112年8月14日至25日對國泰投信進行一般檢查，發現受處分人擔任國泰人壽全權委託國泰投信投資帳戶（台股九）經理人期間，有以職務上知悉之消息，於全權委託投資帳戶（下稱全委帳戶）從事個股交易期間，利用他人帳戶為相同個股買賣，且未向公司申報交易之情事。
理由及法令依據：
一、受處分人陳述意見表示於國泰投信擔任全權委託投資經理人期間，有利用陳○○及陳○○帳戶於全權委託投資帳戶從事個股交易期間，為相同個股買賣，且未向國泰投信申報交易之情事，核已違反證券投資信託及顧問法第59條第1款及第71條第1項、證券投資信託事業證券投資顧問事業經營全權委託投資業務管理辦法第19條第1款、第19條之1及證券投資信託事業負責人與業務人員管理規則第13條第2項第1款、第14條第5項準用第2項規定。
二、受處分人擔任國泰投信上開職務期間，為受國泰投信委託處理事務之人，任職時已簽署遵循個人交易規範之聲明書，且每年均申報無個人交易並為誠實申報之聲明，係於明知證券投資信託及顧問法第59條第1款及第71條第1項、證券投資信託事業證券投資顧問事業經營全權委託投資業務管理辦法第19條第1款、第19條之1及證券投資信託事業負責人與業務人員管理規則第13條第2項第1款、第14條第5項準用第2項等規定，仍刻意規避公司查核員工交易之機制，利用特定人帳戶交易與其於國泰投信所管理之全權委託投資帳戶相同個股，違反前開利益衝突迴避之規定，而有違背職務之行為，核有未以善良管理人之注意義務及忠實義務、誠實信用原則執行業務，違反證券投資信託及顧問法第7條第1項規定。
三、綜前所述，受處分人之違規行為足以影響業務之正常執行，爰依證券投資信託及顧問法第104條規定處分如主旨。
注意事項：受處分人如不服本處分，應於本處分送達之次日起30日內，依訴願法第58條第1項規定，繕具訴願書經由本會（新北市板橋區縣民大道二段7號18樓）向行政院提起訴願。惟依訴願法第93條第1項規定，除法律另有規定外，訴願之提起並不停止本處分之執行。
正本：吳○○、國泰證券投資信託股份有限公司(代表人張○○先生)
副本：中華民國證券投資信託暨顧問商業同業公會(代表人劉○○先生)","證券投資信託及顧問法 第 7 條: 證券投資信託事業、證券投資顧問事業、基金保管機構、全權委託保管機構及其董事、監察人、經理人或受僱人，應依本法、本法授權訂定之命令及契約之規定，以善良管理人之注意義務及忠實義務，本誠實信用原則執行業務。 | 前項事業、機構或人員對於受益人或客戶個人資料、往來交易資料及其他相關資料，除其他法律或主管機關另有規定外，應保守秘密。 | 違反前二項規定者，就證券投資信託基金受益人或契約之相對人因而所受之損害，應負賠償之責。
證券投資信託及顧問法 第 59 條: 經營全權委託投資業務不得有下列行為：一、利用職務上所獲知之資訊，為自己或客戶以外之人從事有價證券買賣之交易。二、運用委託投資資產買賣有價證券時，從事足以損害客戶權益之交易。三、與客戶為投資有價證券收益共享或損失分擔之約定。但主管機關對績效報酬另有規定者，不在此限。四、運用客戶之委託投資資產，與自己資金或其他客戶之委託投資資產，為相對委託之交易。但經由證券集中交易市場或證券商營業處所委託買賣成交，且非故意發生相對委託之結果者，不在此限。五、利用客戶之帳戶，為自己或他人買賣有價證券。六、將全權委託投資契約之全部或部分複委任他人履行或轉讓他人。但主管機關另有規定者，不在此限。七、運用客戶委託投資資產買賣有價證券時，無正當理由，將已成交之買賣委託，自全權委託帳戶改為自己、他人或其他全權委託帳戶，或自其他帳戶改為全權委託帳戶。八、未依投資分析報告作成投資決策，或投資分析報告顯然缺乏合理分析基礎與根據者。但能提供合理解釋者，不在此限。九、其他影響事業經營或客戶權益者。
證券投資信託及顧問法 第 69 條: 證券投資信託事業及證券投資顧問事業，其應備置人員、負責人與業務人員之資格條件、行為規範、訓練、登記期限、程序及其他應遵行事項之規則，由主管機關定之。
證券投資信託及顧問法 第 71 條: 證券投資信託事業、證券投資顧問事業之負責人、業務人員及其他受僱人執行業務，對於第十九條第一項、第五十九條或本於法令或契約規定事業不得為之行為，亦不得為之。 | 證券投資信託事業、證券投資顧問事業之負責人、業務人員及其他受僱人，於從事第三條第三項及第四條第三項各款業務之行為涉及民事責任者，推定為該事業授權範圍內之行為。
證券投資信託及顧問法 第 103 條: 主管機關對證券投資信託事業或證券投資顧問事業違反本法或依本法所發布之命令者，除依本法處罰外，並得視情節之輕重，為下列處分：一、警告。二、命令該事業解除其董事、監察人或經理人職務。三、對該事業二年以下停止其全部或一部之募集或私募證券投資信託基金或新增受託業務。四、對公司或分支機構就其所營業務之全部或一部為六個月以下之停業。五、對公司或分支機構營業許可之廢止。六、其他必要之處置。
證券投資信託及顧問法 第 104 條: 證券投資信託事業及證券投資顧問事業之董事、監察人、經理人或受僱人執行職務，有違反本法或其他有關法令之行為，足以影響業務之正常執行者，主管機關除得隨時命令該事業停止其一年以下執行業務或解除其職務外，並得視情節輕重，對該事業為前條所定之處分。第七章罰則
證券投資信託及顧問法 第 111 條: 證券投資信託事業或證券投資顧問事業有下列情事之一者，處新臺幣六十萬元以上三百萬元以下罰鍰，並責令限期改善；屆期不改善者，得按次處二倍至五倍罰鍰至改善為止：一、違反第三條第四項或第四條第四項規定，經營未經主管機關核准之業務。二、違反主管機關依第十四條第一項、第十八條第一項或第五十六條第一項所定辦法有關投資、交易範圍、方式或限制之規定。三、違反主管機關依第十六條第四項所定辦法有關投資、交易範圍或限制之規定。四、違反第十六條之一第一項、第十九條第一項、第五十一條第一項或第五十九條規定。五、違反主管機關依第五十八條第二項所定有關投資標的分散比率之規定。六、違反第六十三條第一項規定，未經主管機關核發營業執照而營業。七、違反主管機關依第六十九條所定規則有關行為規範或限制、禁止之規定。八、違反主管機關依第七十條所定規則有關限制、禁止之規定。九、違反主管機關依第七十二條第一項所定標準或規則之規定，未經主管機關核准而設立分支機構、遷移或裁撤公司或分支機構。
證券投資信託事業負責人與業務人員管理規則 第 13 條: 證券投資信託事業之負責人、部門主管、分支機構經理人、其他業務人員或受僱人，應以善良管理人之注意義務及忠實義務，本誠實信用原則執行業務。 | 前項人員，除法令另有規定外，不得有下列行為：一、以職務上所知悉之消息洩漏予他人或從事有價證券及其相關商品買賣之交易活動。二、運用證券投資信託基金買賣有價證券及其相關商品時，為自己或他人之利益買入或賣出，或無正當理由，與受託投資資金為相對委託之交易。三、為虛偽、詐欺或其他足致他人誤信之行為。四、運用證券投資信託基金買賣有價證券及其相關商品時，未將證券商、期貨商或其他交易對手退還手續費或給付其他利益歸入基金資產。五、約定或提供特定利益、對價或負擔損失，促銷受益憑證。六、轉讓出席股東會委託書或藉行使證券投資信託基金持有股票之投票表決權，收受金錢或其他利益。七、運用證券投資信託基金買賣有價證券及其相關商品時，意圖抬高或壓低證券交易市場某種有價證券之交易價格，或從事其他足以損害證券投資信託基金投資人權益之行為。八、運用證券投資信託基金買賣有價證券及其相關商品時，將已成交之買賣委託，自基金帳戶改為自己、他人或全權委託帳戶，或自自己、他人或全權委託帳戶改為基金帳戶。九、於公開場所或傳播媒體，對個別有價證券之買賣進行推介，或對個別有價證券未來之價位作研判預測。十、利用非專職人員招攬客戶或給付不合理之佣金。十一、代理他人從事有價證券投資或證券相關商品交易。但為委託人之法定代理人，不在此限。十二、其他影響受益人、客戶之權益或本事業之經營者。 | 第一項之人員對於受益人或客戶個人資料、往來交易資料及其他相關資料，除其他法律或本會另有規定外，應保守秘密。
證券投資信託事業負責人與業務人員管理規則 第 14 條: 證券投資信託事業之負責人、部門主管、分支機構經理人與基金經理人，其本人、配偶、未成年子女及被本人利用名義交易者，除法令另有規定外，於證券投資信託事業決定運用證券投資信託基金從事某種公司股票及具股權性質之衍生性商品交易時起，至證券投資信託基金不再持有該公司股票及具股權性質之衍生性商品時止，不得從事該公司股票及具股權性質之衍生性商品交易。 | 證券投資信託事業之負責人、部門主管、分支機構經理人、基金經理人本人及其關係人從事公司股票及具股權性質之衍生性商品交易，應向所屬證券投資信託事業申報交易情形。 | 前項應申報之資料範圍及投資標的，由本會定之。 | 第二項所稱關係人，指符合以下情形之一：一、本人為自然人者，指其配偶、二親等以內之血親及本人或配偶為負責人之企業。二、本人為法人者，指受同一來源控制或具有相互控制關係之法人。 | 證券投資信託事業經營全權委託投資業務之投資經理人準用第二項至前項規定。
證券投資信託事業證券投資顧問事業經營全權委託投資業務管理辦法 第 19 條: 證券投資信託事業或證券投資顧問事業及其董事、監察人、經理人、業務人員及受僱人辦理全權委託投資業務，除應遵守相關法令規定外，並不得有下列行為：一、利用職務上所獲知之資訊，為自己或客戶以外之人從事有價證券及其相關商品買賣之交易。二、運用委託投資資產買賣有價證券及其相關商品時，從事足以損害客戶權益之交易。三、與客戶為投資有價證券及其相關商品收益共享或損失分擔之約定。但本會對績效報酬另有規定者，不在此限。四、運用委託投資資產買賣有價證券及其相關商品時，為自己或他人之利益買入或賣出。五、運用客戶之委託投資資產，與自己資金或其他客戶之委託投資資產，為相對委託之交易。但經由證券集中交易市場或證券商營業處所委託買賣成交，且非故意發生相對委託之結果者，不在此限。六、利用客戶之帳戶，為自己或他人買賣有價證券及其相關商品。七、將全權委託投資契約之全部或部分複委任他人履行或轉讓他人。但本會另有規定者，不在此限。八、運用客戶委託投資資產買賣有價證券及其相關商品時，無正當理由，將已成交之買賣委託，自全權委託帳戶改為自己、他人或其他全權委託帳戶，或自其他帳戶改為全權委託帳戶。九、未依投資分析報告作成投資決策，或投資分析報告顯然缺乏合理分析基礎與根據者。但能提供合理解釋者，不在此限。十、其他影響事業經營或客戶權益者。
證券投資信託事業證券投資顧問事業經營全權委託投資業務管理辦法 第 19-1 條: 證券投資信託事業或證券投資顧問事業全權委託投資業務專責部門主管與投資經理人，其本人、配偶、未成年子女及被本人利用名義交易者，除本會另有規定外，於證券投資信託事業或證券投資顧問事業決定運用委託投資資產從事某種公司股票及具股權性質之衍生性金融商品交易時起，至委託投資資產不再持有該公司股票及具股權性質之衍生性金融商品時止，不得從事該公司股票及具股權性質之衍生性商品交易。
證券投資信託事業管理規則 第 2 條: 證券投資信託事業應依本法第九十三條規定，建立內部控制制度。 | 證券投資信託事業業務之經營，應依法令、章程及前項內部控制制度為之。 | 第一項內部控制制度之訂定或變更，應報經董事會同意，並留存備查；經金融監督管理委員會（以下簡稱本會）通知變更者，應於限期內變更。
證券暨期貨市場各服務事業建立內部控制制度處理準則 第 6 條: 各服務事業之內部控制制度，應訂定明確之內部組織結構、呈報體系，及適當權限與責任，並載明經理人之設置、職稱、委任與解任、職權範圍及薪資報酬政策與制度等事項。 | 各服務事業應考量本事業及其子公司整體之營運活動，設計並確實執行其內部控制制度，且應隨時檢討，以因應事業內外在環境的變遷，俾確保該制度之設計及執行持續有效。 | 前項所稱子公司，應依各服務事業財務報告編製規範之規定認定之。"
"金融監督管理委員會　裁處書
受文者：如正副本
發文日期：中華民國113年3月1日
發文字號：金管銀控字第11302704892號
受處分人：國泰世華商業銀行股份有限公司
營利事業統一編號：04231910
地址：臺北市信義區松仁路7號1樓
代表人或管理人姓名：郭OO
地址：同上
主旨：貴行蘭雅分行櫃員挪用客戶資金所涉缺失，核有違反銀行法第45條之1第1項及「金融控股公司及銀行業內部控制及稽核制度實施辦法」第3條第1項、第8條第1項及第3項規定，依銀行法第129條第7款規定核處新臺幣(以下同)800萬元罰鍰。
事實：貴行蘭雅分行前交易櫃員陳OO自111年12月至112年6月間，擅自以客戶印鑑多蓋取款憑證、將客戶資料重建於自己之存摺磁條，再偽冒客戶簽名取款，及代收信用卡款或房屋稅款未即時入帳等手法挪用客戶資金，受影響客戶數共61人，總挪用金額約430萬元。
理由及法令依據：
一、經核貴行有下列事項違反銀行法第45條之1第1項及其授權訂定之「金融控股公司及銀行業內部控制及稽核制度實施辦法」第3條第1項、第8條第1項及第3項規定：
(一)未落實執行磁條重建覆核機制：貴行存匯業務要點規定，行員於辦理磁條重建交易時，於系統輸入相關資料後，須於線上將交易資訊傳送主管即時授權，並經主管於線上覆核確認後始完成，惟本案該分行覆核主管未落實覆核系統與紙本存摺資料是否相符，即逕於系統進行覆核。
(二)未落實執行代收稅款之章戳保管及代收信用卡款作業程序：
１、貴行代收稅費作業流程及存匯業務要點規定，行員於客戶繳交稅款後，應將帳務憑證及繳款證明聯，交由保管稅章之有權簽章人員覆核，由該有權簽章人員加蓋代收稅款章後，將收據交客戶收執。本案負責保管稅章之有權簽章人員未落實章戳保管，致陳員得自行拿取章戳蓋用。
２、貴行存匯業務要點規定，行員依據客戶信用卡繳款憑證所載之金額，於客戶面前清點無誤後，再執行系統記帳，並於交易完成後由系統自動列印客戶收執聯之收訖專用章。惟陳員收款後未即時入帳，並逕於信用卡繳款憑證蓋個人小扁章後，將繳款憑證交付客戶。
(三)未確實督導員工遵守行為準則：貴行雖於「嚴禁行員與客戶間之相關行為規範」規定，嚴禁行員私自挪用客戶款項等行為，惟貴行未落實督導案關人員遵循該準則規範，致發生本案舞弊情事。
二、上開缺失顯示貴行有未確實執行內部控制制度之情事，核有違反銀行法第45條之1第1項及其授權訂定之「金融控股公司及銀行業內部控制及稽核制度實施辦法」第3條第1項、第8條第1項及第3項規定，爰依銀行法第129條第7款規定核處800萬元罰鍰。
繳款方式：
一、繳款期限：自本處分送達之次日起10日內繳納。
二、請依本會銀行局檢附之繳款單注意事項辦理繳納。
注意事項：
一、受處分人如不服本處分，應於本處分送達之次日起30日內，依訴願法第58條第1項規定，繕具訴願書經由本會（新北市板橋區縣民大道二段7號18樓）向行政院提起訴願。惟依訴願法第93條第1項規定，除法律另有規定外，訴願之提起並不停止本處分之執行，受處分人仍應繳納罰鍰。
二、受處分人如逾本處分所定繳款期限不繳納罰鍰者，即依行政執行法第4條第1項但書規定，移送法務部行政執行署各分署辦理行政執行。
正本：國泰世華商業銀行股份有限公司（代表人郭OO先生）
副本：國泰金融控股股份有限公司（代表人蔡OO先生）、中央存款保險股份有限公司(代表人蘇OO先生)、本會檢查局、銀行局","銀行法 第 45-1 條: 銀行應建立內部控制及稽核制度；其目的、原則、政策、作業程序、內部稽核人員應具備之資格條件、委託會計師辦理內部控制查核之範圍及其他應遵行事項之辦法，由主管機關定之。 | 銀行對資產品質之評估、損失準備之提列、逾期放款催收款之清理及呆帳之轉銷，應建立內部處理制度及程序；其辦法，由主管機關定之。 | 銀行作業委託他人處理者，其對委託事項範圍、客戶權益保障、風險管理及內部控制原則，應訂定內部作業制度及程序；其辦法，由主管機關定之。 | 銀行辦理衍生性金融商品業務，其對該業務範圍、人員管理、客戶權益保障及風險管理，應訂定內部作業制度及程序；其辦法，由主管機關定之。
銀行法 第 129 條: 有下列情事之一者，處新臺幣二百萬元以上五千萬元以下罰鍰：一、違反第二十一條、第二十二條或第五十七條或違反第一百二十三條準用第二十一條、第二十二條或第五十七條規定。二、違反第二十五條第一項規定發行股票。三、違反第二十八條第一項至第三項或違反第一百二十三條準用第二十八條第一項至第三項規定。四、違反主管機關依第三十三條之三或第三十六條或依第一百二十三條準用第三十三條之三或第三十六條規定所為之限制。五、違反主管機關依第四十三條或依第一百二十三條準用第四十三條規定所為之通知，未於限期內調整。六、違反第四十四條之一或主管機關依第四十四條之二第一項所為措施。七、未依第四十五條之一或未依第一百二十三條準用第四十五條之一規定建立內部控制與稽核制度、內部處理制度與程序、內部作業制度與程序或未確實執行。八、未依第一百零八條第二項或未依第一百二十三條準用第一百零八條第二項規定報核。九、違反第一百十條第四項或違反第一百二十三條準用第一百十條第四項規定，未提足特別準備金。十、違反第一百十五條第一項或違反第一百二十三條準用第一百十五條第一項募集共同信託基金。十一、違反第四十八條規定。
金融控股公司及銀行業內部控制及稽核制度實施辦法 第 3 條: 金融控股公司及銀行業應建立內部控制制度，並確保該制度得以持續有效執行，以健全金融控股公司（含子公司）與銀行業經營。 | 金融控股公司（含子公司）與銀行業應規劃整體經營策略、風險管理政策與指導準則，並擬定經營計畫、風險管理程序及執行準則。
金融控股公司及銀行業內部控制及稽核制度實施辦法 第 8 條: 內部控制制度應涵蓋所有營運活動，並應訂定下列適當之政策及作業程序，且應適時檢討修訂：一、組織規程或管理章則，應包括訂定明確之組織系統、單位職掌、業務範圍與明確之授權及分層負責辦法。二、相關業務規範及處理手冊，包括：（一）投資準則。（二）客戶資料保密。（三）利害關係人交易規範。（四）股權管理。（五）財務報表編製流程之管理，包括適用國際財務報導準則之管理、會計專業判斷程序、會計政策與估計變動之流程等。（六）總務、資訊、人事管理（銀行業應含輪調及休假規定）。（七）對外資訊揭露作業管理。（八）金融檢查報告之管理。（九）金融消費者保護之管理。（十）重大偶發事件之處理機制。（十一）防制洗錢及打擊資恐機制及相關法令之遵循管理，包括辨識、衡量、監控洗錢及資恐風險之管理機制。（十二）其他業務之規範及作業程序。 | 金融控股公司業務規範及處理手冊應另包括子公司之管理及共同行銷管理。 | 銀行業務規範及處理手冊應另包括出納、存款、匯兌、授信、外匯、新種金融商品及委外作業管理。 | 信用合作社業務規範及處理手冊應另包括出納、存款、授信、匯兌及委外作業管理。 | 票券商業務規範及處理手冊應另包括票券、債券及新種金融商品等業務。 | 信託業作業手冊之範本由信託業商業同業公會訂定，其內容應區分業務作業流程、會計作業流程、電腦作業規範、人事管理制度等項。信託業應參考範本訂定作業手冊，並配合法規、業務項目、作業流程等之變更，定期修訂。 | 股票已在證券交易所上市或於證券商營業處所買賣之金融控股公司及銀行業，應將薪資報酬委員會運作之管理納入內部控制制度。 | 金融控股公司及銀行業設置審計委員會者，其內部控制制度，應包括審計委員會議事運作之管理。 | 金融控股公司及銀行業應於內部控制制度中，訂定對子公司必要之控制作業，其為國外子公司者，並應考量該子公司所在地政府法令之規定及實際營運之性質，督促其子公司建立內部控制制度。 | 金融控股公司及銀行業應建立集團整體性防制洗錢及打擊資恐計畫，包括在符合國外分公司（或子公司）當地法令下，以防制洗錢及打擊資恐為目的之集團內資訊分享政策及程序。 | 前十項各種作業及管理規章之訂定、修訂或廢止，必要時應有法令遵循、內部稽核及風險管理單位等相關單位之參與。第三章內部控制制度之查核"
"金融監督管理委員會　裁處書
受文者：如正副本
發文日期：中華民國113年2月27日
發文字號：金管證投罰字第1130380369號
受處分人：時間證券投資顧問股份有限公司
營利事業統一編號：略
地址：略
代表人或管理人姓名：李○○
地址：略
主旨：貴公司違反證券投資信託及顧問法（下稱投信投顧法）第50條及第69條等規定，爰依同法第103條第1款規定，對貴公司予以警告處分，併依同法第111條第7款規定，核處新臺幣（以下同）120萬元罰鍰。
事實：貴公司辦理全權委託投資業務，經查109年8月17日至110年4月19日期間，發現下列缺失：
一、貴公司與總經理李○○陳述意見表示總經理李○○商請離職人員王○○登錄全權委託投資經理人、實際全權委託投資決策由總經理李○○執行，貴公司有總經理違反不得兼為全委經理人之規定、未配置適足適任之業務人員、未指派具符合資格條件之人員代理之事實、未以善良管理人之注意義務及忠實義務，本誠實信用原則執行業務之情事。
二、貴公司將離職人員登錄於中華民國證券投資信託暨顧問商業同業公會擔任全委投資經理人，以未能兼任之總經理執行全權委託投資經理人職務，及全權委託投資四大流程等相關文件由已離職之王○○核章等情事，109年8月至110年4月間之全權委託投資業務之稽核報告影本，皆未揭露前揭異常狀況，顯見內部稽核未有確實執行稽查作業，貴公司內部控制制度設計未具有效性，亦未確實執行。
理由及法令依據：
一、上述事實一，貴公司與總經理李○○陳述意見表示總經理李○○商請王○○109年8月17日轉登錄全權委託投資經理人、實際決策由總經理李○○執行，貴公司有總經理違反不得兼為全委經理人之規定、未配置適足適任之業務人員、未指派具符合資格條件之人員代理之事實、未以善良管理人之注意義務及忠實義務，本誠實信用原則執行業務之情事，違反投信投顧法第7條第1項、第50條、第69條，證券投資顧問事業負責人與業務人員管理規則第7條第1項及第11條第1項、及證券投資信託事業證券投資顧問事業經營全權委託投資業務管理辦法第8條第1項及第3項之規定。
二、上述事實二，貴公司將離職人員登錄於投信投顧公會擔任全委投資經理人，以未能兼任之總經理執行全權委託投資經理人職務，及全權委託投資四大流程等相關文件由已離職之王○○核章等情事，109年8月至110年4月間之全權委託投資業務之稽核報告影本，皆未揭露前揭異常狀況，顯見內部稽核未有確實執行稽查作業，貴公司內部控制制度設計未具有效性，亦未確實執行，核違反證券投資顧問事業管理規則第2條第2項及證券暨期貨市場各服務事業建立內部控制制度處理準則第6條第2項規定。
三、綜前揭違規事實，核已影響貴公司全權委託投資業務經營之正常執行，違規情節重大；而貴公司內部控制制度未能有效督導、內部控制制度之設計與執行未具有效性，致發生前開違規行為，本案爰依投信投顧法處分如次：
(一)依投信投顧法第103條第1款規定，核處警告。
(二)針對理由及法令依據所述違規事實，依同法第111條第7款處罰鍰120萬元。
繳款方式：
一、繳款期限：自本處分送達之次日起10日內繳納。
二、請依本會證券期貨局檢附之繳款單注意事項辦理繳納。
注意事項：
一、受處分人如不服本處分，應於本處分送達之次日起30日內，依訴願法第58條第1項規定，繕具訴願書經由本會（新北市板橋區縣民大道二段7號18樓）向行政院提起訴願。惟依訴願法第93條第1項規定，除法律另有規定外，訴願之提起並不停止本處分之執行，受處分人仍應繳納罰鍰。
二、受處分人如逾本處分所定繳款期限不繳納罰鍰者，即依行政執行法第4條第1項但書規定，移送法務部行政執行署各分署辦理行政執行。
正本：時間證券投資顧問股份有限公司(應受送達人：代表人李○○先生)
副本：中華民國證券投資信託暨顧問商業同業公會(代表人劉○○先生)、證期局投信投顧組、證期局秘書室、證期局主計室
金融監督管理委員會　裁處書
受文者：如正副本
發文日期：中華民國113年2月27日
發文字號：金管證投字第11303803691號
受處分人：李○○
國民身分證統一編號或外國人之國籍及居留證編號：略
地址：略
主旨：命令時間證券投資顧問股份有限公司停止受處分人1年執行業務，期間自113年3月15日起至114年3月14日止。
事實：時間證券投資顧問股份有限公司（下稱時間投顧)辦理全權委託投資業務，經查109年8月17日至110年4月19日期間，受處分人商請離職人員王○○登錄全權委託投資經理人、實際全權委託投資決策由受處分人執行，有實質兼為全權委託投資經理人之事實、身為總經理未以善良管理人之注意義務及忠實義務，本誠實信用原則執行業務之情事。
理由及法令依據：
一、受處分人陳述意見表示由受處分人商請王○○登錄全委經理人一職，實際決策則由受處分人執行；受處分人擔任總經理一職，應負綜理公司業務依法規運行，查受處分人主動安排以離職人員登錄於中華民國證券投資信託暨顧問商業同業公會，並執行全權委託投資經理人之職務長達8個月，核有實質兼為全權委託投資經理人之事實、為總經理未以善良管理人之注意義務及忠實義務，本誠實信用原則執行業務，違反證券投資顧問事業負責人與業務人員管理規則第7條第1項及第15條第1項之規定。
二、綜前所述，受處分人之違規行為足以影響公司業務之正常執行，爰依投信投顧法第104條規定處分如主旨。
注意事項：受處分人如不服本處分，應於本處分送達之次日起30日內，依訴願法第58條第1項規定，繕具訴願書經由本會（新北市板橋區縣民大道2段7號18樓）向行政院提起訴願。惟依訴願法第93條第1項規定，除法律另有規定外，訴願之提起並不停止本處分之執行。
正本：李○○、時間證券投資顧問股份有限公司(應受送達人：代表人李○○先生)
副本：中華民國證券投資信託暨顧問商業同業公會(代表人劉○○先生)、證期局投信投顧組、證期局秘書室、證期局主計室
金融監督管理委員會　裁處書
受文者：如正副本
發文日期：中華民國113年2月27日
發文字號：金管證投字第11303803692號
受處分人：王○○
國民身分證統一編號或外國人之國籍及居留證編號：略
地址：略
主旨：命令時間證券投資顧問股份有限公司停止受處分人6個月執行業務，期間自113年3月15日起至9月14日止。（另查受處分人目前未登錄為投信投顧業務人員，請副本收受者中華民國證券投資信託暨顧問商業同業公會予以註記列管）
事實：受處分人於109年7月31日自時間證券投資顧問股份有限公司（下稱時間投顧）離職，查109年8月17日至110年4月19日期間，受處分人有同意他人使用自己業務人員名義執行業務、未以善良管理人之注意義務及忠實義務，本誠實信用原則執行業務之情事。
理由及法令依據：
一、受處分人陳述意見表示於109年7月31日自時間投顧離職，109年8月17日至110年4月19日期間實非時間投顧員工，係時間投顧委請受處分人掛名全權委託投資經理人，該期間未從事全權委託投資經理人工作，受處分人有同意他人使用自己業務人員名義執行業務、未以善良管理人之注意義務及忠實義務，本誠實信用原則執行業務之情事，核違反證券投資顧問事業負責人與業務人員管理規則第15條第1項及第15條第2項第10款規定。
二、綜前所述，受處分人之違規行為足以影響公司業務之正常執行，爰依證券投資信託及顧問法第104條處分如主旨。
注意事項：受處分人如不服本處分，應於本處分送達之次日起30日內，依訴願法第58條第1項規定，繕具訴願書經由本會（新北市板橋區縣民大道2段7號18樓）向行政院提起訴願。惟依訴願法第93條第1項規定，除法律另有規定外，訴願之提起並不停止本處分之執行。
正本：王○○、時間證券投資顧問股份有限公司(應受送達人：代表人李○○先生)
副本：中華民國證券投資信託暨顧問商業同業公會(代表人劉○○先生)、證期局投信投顧組、證期局秘書室、證期局主計室
金融監督管理委員會　裁處書
受文者：如正副本
發文日期：中華民國113年2月27日
發文字號：金管證投字第11303803693號
受處分人：吳○○
國民身分證統一編號或外國人之國籍及居留證編號：略
地址：略
主旨：命令時間證券投資顧問股份有限公司停止受處分人1個月執行業務，期間自113年3月15日起至4月14日止。
事實：時間證券投資顧問股份有限公司（下稱時間投顧)辦理全權委託投資業務，查109年8月17日至110年4月19日期間，全權委託投資經理人由離職人員登錄、實際全權委託投資決策由總經理執行，受處分人時任全權委託投資部門主管，顯有管理不善及督導不周、有身為部門主管未以善良管理人之注意義務及忠實義務，本誠實信用原則執行業務之情事。
理由及法令依據：
一、時間投顧辦理全權委託投資業務，總經理李○○商請離職人員王○○登錄全權委託投資經理人、實際全權委託投資決策由總經理執行，受處分人陳述不知王○○已離職；受處分人時任時間投顧全權委託投資部門主管，負責督導公司全權委託業務執行，覆核全權委託投資相關業務文件卻未揭露異常，且所督導之全權委託投資經理人職務由未能兼任之總經理執行，受處分人顯有未盡部門主管監督之責、有身為部門主管未以善良管理人之注意義務及忠實義務，本誠實信用原則執行業務之情事，核違反證券投資顧問事業負責人與業務人員管理規則第15條第1項規定。
二、綜前所述，受處分人之違規行為足以影響公司業務之正常執行，爰依證券投資信託及顧問法第104條處分如主旨。
注意事項：受處分人如不服本處分，應於本處分送達之次日起30日內，依訴願法第58條第1項規定，繕具訴願書經由本會（新北市板橋區縣民大道2段7號18樓）向行政院提起訴願。惟依訴願法第93條第1項規定，除法律另有規定外，訴願之提起並不停止本處分之執行。
正本：吳○○、時間證券投資顧問股份有限公司(應受送達人：代表人李○○先生)
副本：中華民國證券投資信託暨顧問商業同業公會(代表人劉○○先生)、證期局投信投顧組、證期局秘書室、證期局主計室","證券投資信託及顧問法 第 50 條: 證券投資信託事業或證券投資顧問事業經營全權委託投資業務，應符合主管機關所定之條件，並經主管機關核准，始得為之。 | 前項條件、資格、申請程序、人員管理、契約簽訂、帳務處理及其他應遵行事項之辦法，由主管機關定之。
證券投資信託及顧問法 第 69 條: 證券投資信託事業及證券投資顧問事業，其應備置人員、負責人與業務人員之資格條件、行為規範、訓練、登記期限、程序及其他應遵行事項之規則，由主管機關定之。
證券投資信託及顧問法 第 103 條: 主管機關對證券投資信託事業或證券投資顧問事業違反本法或依本法所發布之命令者，除依本法處罰外，並得視情節之輕重，為下列處分：一、警告。二、命令該事業解除其董事、監察人或經理人職務。三、對該事業二年以下停止其全部或一部之募集或私募證券投資信託基金或新增受託業務。四、對公司或分支機構就其所營業務之全部或一部為六個月以下之停業。五、對公司或分支機構營業許可之廢止。六、其他必要之處置。
證券投資信託及顧問法 第 104 條: 證券投資信託事業及證券投資顧問事業之董事、監察人、經理人或受僱人執行職務，有違反本法或其他有關法令之行為，足以影響業務之正常執行者，主管機關除得隨時命令該事業停止其一年以下執行業務或解除其職務外，並得視情節輕重，對該事業為前條所定之處分。第七章罰則
證券投資信託及顧問法 第 111 條: 證券投資信託事業或證券投資顧問事業有下列情事之一者，處新臺幣六十萬元以上三百萬元以下罰鍰，並責令限期改善；屆期不改善者，得按次處二倍至五倍罰鍰至改善為止：一、違反第三條第四項或第四條第四項規定，經營未經主管機關核准之業務。二、違反主管機關依第十四條第一項、第十八條第一項或第五十六條第一項所定辦法有關投資、交易範圍、方式或限制之規定。三、違反主管機關依第十六條第四項所定辦法有關投資、交易範圍或限制之規定。四、違反第十六條之一第一項、第十九條第一項、第五十一條第一項或第五十九條規定。五、違反主管機關依第五十八條第二項所定有關投資標的分散比率之規定。六、違反第六十三條第一項規定，未經主管機關核發營業執照而營業。七、違反主管機關依第六十九條所定規則有關行為規範或限制、禁止之規定。八、違反主管機關依第七十條所定規則有關限制、禁止之規定。九、違反主管機關依第七十二條第一項所定標準或規則之規定，未經主管機關核准而設立分支機構、遷移或裁撤公司或分支機構。
證券投資顧問事業負責人與業務人員管理規則 第 7 條: 證券投資顧問事業之總經理不得兼為全權委託專責部門主管、全權委託投資經理人或全權委託期貨交易業務之交易決定人員。 | 他業兼營證券投資顧問業務或全權委託投資業務，依法應設置專責部門者，其專責部門之部門主管及業務人員，除符合第三項至第五項規定外，不得辦理專責部門以外之業務，或由非登錄專責部門主管或業務人員兼辦。 | 他業兼營全權委託投資業務者，其辦理投資或交易決策之業務人員得兼任私募證券投資信託基金、對符合一定資格條件之人募集期貨信託基金或全權委託期貨交易業務之投資或交易決策人員。 | 他業兼營全權委託投資業務符合下列條件者，其辦理投資或交易決策之業務人員，得與其兼營證券投資顧問業務從事證券投資分析之人員相互兼任：一、全權委託投資業務及證券投資顧問業務之客戶為金融消費者保護法第四條第二項所定之專業投資機構。二、該事業之內部控制制度已訂定有效防範利益衝突之作業原則，以確保公平對待所有客戶。 | 他業兼營證券投資顧問業務從事證券投資分析之人員或他業兼營全權委託投資業務辦理投資或交易決策之業務人員，符合證券投資信託事業負責人與業務人員管理規則第八條第六項規定者，得與募集證券投資信託基金之投資或交易決策人員相互兼任。 | 證券投資顧問事業兼營證券投資信託業務從事證券投資分析之人員，除符合證券投資信託事業負責人與業務人員管理規則第八條第六項規定者外，不得與兼營證券投資信託業務辦理投資或交易決策之業務人員相互兼任。 | 證券投資顧問事業之董事、監察人或經理人，除法令另有規定外，不得投資於其他證券投資顧問事業，或兼為其他證券投資顧問事業、證券投資信託事業或證券商之董事、監察人或經理人。
證券投資顧問事業負責人與業務人員管理規則 第 11 條: 證券投資顧問事業之經理人或業務人員請假、停止執行業務或其他原因出缺者，所屬證券投資顧問事業應指派具有與被代理人相當資格條件之人員代理之，該人員並不得違反第七條規定。 | 前項之代理，證券投資顧問事業應設專簿載明代理之事由、期間、代理人及其職務，以供查考。
證券投資顧問事業負責人與業務人員管理規則 第 15 條: 證券投資顧問事業之負責人、部門主管、分支機構經理人、業務人員或其他受僱人應以善良管理人之注意義務及忠實義務，本誠實信用原則執行業務。 | 前項人員，除法令另有規定外，不得有下列行為：一、以詐欺、脅迫或其他不正當方式簽訂委任契約。二、代理他人從事有價證券投資或證券相關商品交易行為。但為委託人之法定代理人，不在此限。三、與客戶為投資有價證券收益共享或損失分擔之約定。四、買賣該事業推介予投資人相同之有價證券。但證券投資信託基金及境外基金，不在此限。五、為虛偽、欺罔、謾罵或其他顯著有違事實或足致他人誤信之行為。六、與客戶有借貸款項、有價證券，或為借貸款項、有價證券之居間情事。七、保管或挪用客戶之有價證券、款項、印鑑或存摺。八、意圖利用對客戶之投資研究分析建議、發行之出版品或舉辦之講習，謀求自己、其他客戶或第三人利益之行為。九、非依法令所為之查詢，洩漏客戶委任事項及其他職務所獲悉之秘密。十、同意或默許他人使用本公司或業務人員名義執行業務。十一、以任何方式向客戶傳送無合理分析基礎或根據之建議買賣訊息。十二、於公開場所或廣播、電視以外之傳播媒體，對不特定人就個別有價證券未來之價位作研判預測，或未列合理研判分析依據對個別有價證券之買賣進行推介。十三、藉卜筮或怪力亂神等方式，為投資人作投資分析。十四、以文字、圖畫、演說或他法鼓動或誘使他人拒絕履行證券投資買賣之交割義務、為抗爭或其他擾亂交易市場秩序之行為。十五、利用非專職人員招攬客戶或給付不合理之佣金。十六、以非真實姓名（化名）從事證券投資分析活動或其他業務行為。十七、以證券投資顧問服務為贈品。十八、於非登記之營業處所經營業務。十九、其他違反證券暨期貨管理法令或經本會規定不得為之行為。
證券投資信託事業證券投資顧問事業經營全權委託投資業務管理辦法 第 8 條: 證券投資信託事業或證券投資顧問事業經營全權委託投資業務，應設置專責部門，並配置適足、適任之主管及業務人員。 | 除前項專責部門外，證券投資信託事業或證券投資顧問事業並應至少設置投資研究、財務會計及內部稽核部門。 | 第一項專責部門主管及業務人員，除符合第四項及第五項規定外，不得辦理專責部門以外之業務，或由非登錄專責部門主管或業務人員兼辦。 | 證券投資信託事業或證券投資顧問事業經營全權委託投資業務，其辦理投資或交易決策之業務人員得兼任私募證券投資信託基金、對符合一定資格條件之人募集期貨信託基金或全權委託期貨交易業務之投資或交易決策人員。 | 證券投資信託事業或證券投資顧問事業經營全權委託投資業務符合下列條件者，其辦理投資或交易決策之業務人員，得與募集證券投資信託基金之投資或交易決策人員或辦理證券投資顧問業務從事證券投資分析之人員相互兼任：一、全權委託投資業務或證券投資顧問業務之客戶為金融消費者保護法第四條第二項所定之專業投資機構。二、全權委託投資帳戶之投資或交易範圍及兼營證券投資顧問業務提供證券投資分析意見或推介建議之範圍，應以所經理基金之主要投資標的及地區為限，且其投資策略應同屬主動式操作管理策略或被動式操作管理策略。三、該事業之內部控制制度已訂定有效防範利益衝突之作業原則，以確保公平對待所有客戶。 | 第一項專責部門辦理研究分析、投資或交易決策之業務人員，不得與買賣執行之業務人員相互兼任。 | 第一項專責部門與第二項內部稽核部門之主管及業務人員，除他業兼營者之內部稽核部門主管外，應符合證券投資顧問事業負責人與業務人員管理規則所定之資格條件。 | 他業兼營者，應依第一項規定設置專責部門。但已設置獨立專責部門辦理全權委託期貨交易業務者，不在此限。
證券暨期貨市場各服務事業建立內部控制制度處理準則 第 6 條: 各服務事業之內部控制制度，應訂定明確之內部組織結構、呈報體系，及適當權限與責任，並載明經理人之設置、職稱、委任與解任、職權範圍及薪資報酬政策與制度等事項。 | 各服務事業應考量本事業及其子公司整體之營運活動，設計並確實執行其內部控制制度，且應隨時檢討，以因應事業內外在環境的變遷，俾確保該制度之設計及執行持續有效。 | 前項所稱子公司，應依各服務事業財務報告編製規範之規定認定之。"
"發文日期：中華民國113年2月1日
發文字號：
受處分人：台中銀保險經紀人股份有限公司
營利事業統一編號：略
地址：略
代表人或管理人姓名：賴○○
地址：略
主旨：貴公司之內部控制制度未能有效運作，違反保險法第165條第3項授權訂定之保險代理人公司保險經紀人公司內部控制稽核制度及招攬處理制度實施辦法第5條第1項第1款、第2款、第6條第1項及第8條第1項第1款規定，及核有有礙健全經營之虞，依保險法第167條之3規定，核處限期1個月改正，併處罰鍰新臺幣（下同）300萬元整，暨依同法第164條之1第1項第4款規定，命貴公司自本裁處書送達翌日起，調降董事長賴○○君（下稱賴君）及總經理許○○君（下稱許君）每月月薪50%，為期3個月。
事實：本會檢查局於112年3月2日至30日對台中商業銀行股份有限公司（下稱台中銀行）辦理一般業務檢查，發現貴公司有下列缺失：
一、貴公司於107年7月租用航空器1年租金6,000萬元僅使用2次，卻仍於108年7月續租1年租金4,200萬元，再於109年7月簽訂增補協議延長租用期間1年，另於110年7月再協商得折換飛行時數，終止日為111年7月31日，惟貴公司自108年7月續租後即未使用航空器及使用飛行時數，不符貴公司內部簽呈所附「航空器成本及效益評估」。
二、貴公司106年4月租用招待所，並於111年1月12日簽報續租招待所5年，每月支付21萬元，惟貴公司僅依所訂「不動產管理規則」及「分層負責明細表」簽報董事長核可，未就原所列租用招待所之目的覈實評估，未訂定使用管理規範亦未妥適管理，且未將招待所使用情形納入內控查核範圍。
三、貴公司108年1月至111年1月租用公務車，惟「採購辦法」未納入租用公務車招標、比價及議價應考量因素，又貴公司「公務車使用注意事項」未規範應留存派車紀錄，且未將公務車使用管理情形納入查核項目。
理由及法令依據：
一、貴公司前因未就交際費支出建立有效之內部控制制度、未將內部控制制度之各項組成要素納為查核項目等違失，經本會於109年1月7日核處並要求改善內部控制制度在案，惟仍發生本案之內控缺失，顯見貴公司於當時並未全面檢視並即時改正，違規情節嚴重。
二、貴公司經營保險經紀人業務，近5年公司營收平均約9億餘元，稅後淨利平均約3億餘元，保險業務員2千餘人，惟貴公司未考量租用航空器使用率低，仍以獎勵績優業務人員、開拓高端客戶及推廣國際業務為由，自108年7月續租用航空器，於租用期間未使用，評估作業及決策顯有未當。又貴公司租用招待所及公務車，均未就原租用之目的覈實評估其必要性、未訂定使用規範，且未納入內控查核範圍，顯示內控作業未有效運作。
三、據上，考量本會於107年至台中銀行業務檢查，並於108年2月間出具檢查報告，指出銀行及貴公司相關內控缺失，貴公司並經本會於109年裁處，未思全面檢視並檢討內部控制制度，恪遵法令，且未審酌貴公司近5年稅後淨利平均僅約3億餘元，卻逕支付高價租金租用航空器及招待所，顯有礙公司穩健經營之虞，貴公司內部控制制度顯未能有效運作，違規事實明確，核有違反保險法第165條第3項授權訂定之保險代理人公司保險經紀人公司內部控制稽核制度及招攬處理制度實施辦法第5條第1項第1款、第2款、第6條第1項及第8條第1項第1款規定，依保險法第167條之3規定，核處限期1個月改正，併處罰鍰300萬元整。
四、另賴君及許君於108年9月起即分別擔任貴公司董事長及總經理，惟未妥適督導貴公司恪遵內控制度，顯未善盡督導及管理責任，事實明確，有礙健全經營之虞，依保險法第164條之1第1項第4款規定，命貴公司自裁處書送達翌日起，調降賴君及許君每月月薪50%，為期3個月。
繳款方式：
一、繳款期限：自本處分送達之次日起10日內繳納。
二、請依本會檢附之繳款單注意事項辦理繳納。
注意事項：
一、受處分人如不服本處分，應於本處分送達之次日起30日內，依訴願法第58條第1項規定，繕具訴願書經由本會（新北市板橋區縣民大道2段7號18樓）向行政院提起訴願。惟依訴願法第93條第1項規定，除法律另有規定外，訴願之提起並不停止本處分之執行，受處分人仍應繳納罰鍰。
二、受處分人如逾本處分所定繳款期限不繳納罰鍰者，即依行政執行法第4條第1項但書規定，移送法務部行政執行署各分署辦理行政執行。","保險法 第 165 條: 保險代理人、經紀人、公證人，應有固定業務處所，並專設帳簿記載業務收支。 | 兼有保險代理人、經紀人、公證人資格者，僅得擇一申領執業證照。 | 保險代理人公司、經紀人公司為公開發行公司或具一定規模者，應建立內部控制、稽核制度與招攬處理制度及程序；其辦法，由主管機關定之。 | 第一百四十二條、第一百四十八條於保險代理人、經紀人、公證人準用之。
保險法 第 167-3 條: 違反第一百六十五條第三項或第一百六十三條第五項準用上開規定，未建立或未確實執行內部控制、稽核制度、招攬處理制度或程序者，應限期改正，或併處新臺幣十萬元以上三百萬元以下罰鍰。
保險法 第 164-1 條: 保險代理人、經紀人、公證人違反法令或有礙健全經營之虞時，主管機關除得予以糾正或命其限期改善外，並得視情節之輕重為下列處分：一、限制其經營或執行業務之範圍。二、命公司解除經理人或職員之職務。三、解除公司董事、監察人職務或停止其於一定期間內執行職務。四、其他必要之處置。 | 依前項第三款規定解除公司董事或監察人職務時，由主管機關通知公司登記之主管機關註銷其董事或監察人登記。
保險代理人公司保險經紀人公司內部控制稽核制度及招攬處理制度實施辦法 第 5 條: 銀行及年度營業收入達新臺幣五億元保險代理人公司、保險經紀人公司之內部控制制度至少應包括下列組成要素：一、控制環境：係設計及執行內部控制制度之基礎。控制環境包括誠信與道德價值、董（理）事會及監察人（監事會）或審計委員會治理監督責任、組織結構、權責分派、人力資源政策、績效衡量及獎懲等。董（理）事會與管理階層應建立內部行為準則，包括訂定董事行為準則、員工行為準則等事項。二、風險評估：風險評估之先決條件為確立各項目標，並與不同層級單位相連結，同時需考慮目標之適合性。管理階層應考量外部環境與商業模式改變之影響，以及可能發生之舞弊情事。其評估結果，可協助及時設計、修正及執行必要之控制作業。三、控制作業：係依據風險評估結果，採用適當政策與程序之行動，將風險控制在可承受範圍之內。控制作業之執行應包括所有層級、業務流程內之各個階段、所有科技環境等範圍及對子公司之監督與管理。四、資訊與溝通：係蒐集、產生及使用來自內部與外部之攸關、具品質之資訊，以支持內部控制其他組成要素之持續運作，並確保資訊在內部與外部之間皆能進行有效溝通。內部控制制度須具備產生規劃、執行、監督等所需資訊及提供資訊需求者適時取得資訊之機制。五、監督作業：係進行持續性評估、個別評估或兩者併行，以確定內部控制制度之各組成要素是否已經存在及持續運作。持續性評估係不同層級營運過程中之例行評估；個別評估係由稽核人員、監察人（監事會）或審計委員會、董（理）事會等其他人員進行評估。對於所發現之內部控制制度缺失，應向適當層級之管理階層、董（理）事會及監察人（監事會）或審計委員會溝通，並及時改善。 | 保險代理人公司、保險經紀人公司年度營業收入未達新臺幣五億元者之內部控制制度，至少應符合下列各項原則：一、管理階層之監督及控制文化：董（理）事會應負責核准並定期覆核整體經營策略與重大政策，且對於確保建立並維持適當有效之內部控制制度負有最終之責任；管理階層應負責執行董（理）事會核定之經營策略與政策，發展足以辨識、衡量、監督及控制風險之程序，訂定適當之內部控制政策及監督其有效性與適切性。二、風險辨識與評估：有效之內部控制制度須可辨識並持續評估所有對公司目標之達成可能產生負面影響之重大風險。三、控制活動與職務分工：控制活動應是每日整體營運之一部分，應設立完善之控制架構，及訂定各層級之內控程序；有效之內部控制制度應有適當之職務分工，且管理階層及員工不應擔任責任相互衝突之工作。四、資訊與溝通：應保有適切完整之營運、財務報導及法令遵循等目標有關之財務及非財務資訊；資訊應具備可靠性、適時與容易取得之特性，以建立有效之溝通管道。五、監督活動與更正缺失：內部控制整體之有效性應予持續監督，營業單位、內部稽核或其他內控人員發現之內部控制缺失均應即時向適當層級報告，若屬重大之內部控制缺失應向管理階層、董（理）事會及監察人（監事會）報告，並應立即採取改正措施。 | 已依第一項辦理之保險代理人公司、保險經紀人公司，年度營業收入未達新臺幣五億元者仍應依第一項辦理。
保險代理人公司保險經紀人公司內部控制稽核制度及招攬處理制度實施辦法 第 6 條: 保險代理人公司、保險經紀人公司、銀行內部控制制度應分別按業務性質及規模，依內部牽制原理訂定招攬處理制度及程序與內部控制之作業程序，並適時檢討修訂。 | 保險代理人公司、保險經紀人公司、銀行設置審計委員會者，其內部控制制度，應包括審計委員會議事運作之管理。
保險代理人公司保險經紀人公司內部控制稽核制度及招攬處理制度實施辦法 第 8 條: 第六條所稱內部控制之作業程序，至少應包括下列項目：一、關於會計、資訊、個人資料保護、防制洗錢及打擊資恐、其他與招攬作業及主管機關核准相關業務之控制作業。二、金融檢查報告之管理。三、重大偶發事件之處理機制。四、其他經主管機關指定之事項。 | 保險經紀人公司提供風險規劃、再保險規劃及保險理賠申請服務者，須依其所提供之服務建立適當之作業程序。 | 經主管機關許可兼營保險經紀人業務之銀行提供風險規劃及保險理賠申請服務者，須依其所提供之服務建立適當之作業程序。 | 第一項第一款所稱會計之作業程序至少應包括下列作業程序：一、出納管理：收付款作業程序。二、會計管理：帳務處理、資產負債表及損益表編製作業程序。
保險代理人管理規則 第 43 條: 個人執業代理人、代理人公司及銀行應專設帳簿，記載業務收支，並於每年四月一日起至五月三十一日止，將各類業務、財務報表及其他經主管機關指定之事項，彙報主管機關或其指定之機構；其報表及其他指定事項之格式由主管機關另定之。但其會計年度非採曆年制者，其彙報期限由主管機關另定之。 | 主管機關得隨時派員檢查個人執業代理人、代理人公司及銀行之營業及資產負債，或令其於限期內報告營業狀況。 | 個人執業代理人、代理人公司及銀行對主管機關檢查所提列之檢查意見或查核缺失事項，應確實辦理改善，並應持續追蹤覆查，其辦理情形應於主管機關規定之期限內函送主管機關。代理人公司及銀行並應將其追蹤考核改善辦理情形以書面提報董事會及交付各監察人或審計委員會查閱。
保險經紀人管理規則 第 43 條: 個人執業經紀人、經紀人公司及銀行應專設帳簿，記載業務收支，並於每年四月一日起至五月三十一日止，將各類業務、財務報表及其他經主管機關指定之事項，彙報主管機關或其指定之機構；其報表及其他指定事項之格式由主管機關另定之。但其會計年度非採曆年制者，其彙報期限由主管機關另定之。 | 主管機關得隨時派員檢查個人執業經紀人、經紀人公司或銀行之營業及資產負債，或令其於限期內報告營業狀況。 | 個人執業經紀人、經紀人公司及銀行對主管機關檢查所提列之檢查意見或查核缺失事項，應確實辦理改善，並應持續追蹤覆查，其辦理情形應於主管機關規定之期限內函送主管機關。經紀人公司及銀行應將其追蹤考核改善辦理情形以書面提報董事會及交付各監察人或審計委員會查閱。"
"金融監督管理委員會　處分書
受文者：如正副本
發文日期：中華民國113年2月1日
發文字號：金管銀國字第11302700994號
速別：普通件
密等及解密條件或保密期限：
附件：
相對人：王OO
公司代表人：略
出生年月日：略
性別：
身分證統一號碼：
地址：台中市西區民權路87號
主旨：自本處分書送達翌日起，停止相對人王OO於台中商業銀行執行董事職務3個月。
事實及理由：
一、本會檢查局112年3月2日至112年3月30日對台中商業銀行辦理一般業務檢查，發現台中商業銀行之內部控制制度未能有效運作，並有礙健全經營之虞，本會業已對該行核處新臺幣(以下同)1,200萬元罰鍰，併予以糾正：
(一)該行租用航空器及高價公務車之決策顯有不當，核有礙健全經營之虞：該行為拓展海外業務，自109年起租用航空器，13個月租金總計達1.04億元，期間均未使用，租用航空器之必要性之決策顯欠妥當，及109年9月至110年9月租用高價公務車提供禮賓接送服務，每月租金82萬元，租賃期間僅有2次客戶申請體驗，明顯不符成本效益。
(二)未確實執行內部控制制度：
１、特定授信戶廣告費收入主要來自該行及子公司台中銀保險經紀人股份有限公司(下稱保經子公司)(例如：保經子公司107年支付該授信戶之廣告費，占該授信戶營收之90.5%、該行110年及111年支付該授信戶之廣告費，約占該行當年度廣告費支出之50%)，且該行及保經子公司支付該授信戶及其相關企業廣告費及航空器、公務車與招待所之租金總計已逾10億元，惟該行對該授信戶辦理授信時，未依該行內部規定評估經濟實質關係及留存檢核紀錄，以利後續交易之控管。
２、該行未落實督導保經子公司，致保經子公司租用航空器之評估、租用公務車之招標與使用管理及招待所續租使用與留存紀錄等作業，未完善建立及未確實執行內部控制制度。
３、該行辦理租用高價公務車之招標時，未落實執行限制性招標之內部規範，逕向前揭相關企業租用，及該行110年及111年出差國外，未落實出差費用報支規範。
(三)未完善建立內部控制制度：該行租用前揭航空器未完善建立招標相關比價等作業程序，致由前揭相關企業得標；未就高價公務車之調派與紀錄留存建立相關規範；及未就交際費報支金額之合理性建立相關控管機制。
二、相對人擔任該行董事長，負責督導該行與保經子公司內部控制制度建立及相關業務營運執行，應符合法令規定及公司治理原則，亦應忠實執行職務及盡善良管理人注意義務，前揭租用航空器及高價公務車之決策不當及各項內部控制制度缺失，相對人未善盡對該行及保經子公司之督導及管理責任，有予以立即導正之必要，依銀行法第61條之1第1項第7款規定，自本處分書送達翌日起，停止相對人執行董事職務3個月。
法令依據：銀行法第61之1第1項第7款
附註：受處分人如不服本處分，應於本處分送達之次日起30日內，依訴願法第58條第1項規定，繕具訴願書經由本會（新北市板橋區縣民大道二段7號18樓）向行政院提起訴願。惟依訴願法第93條第1項規定，除法律另有規定外，訴願之提起並不停止本處分之執行。
正本：王貴鋒先生
副本：台中商業銀行股份有限公司（代表人王OO先生）、中央銀行、中央存款保險股份有限公司(代表人蘇OO先生)、本會檢查局、保險局、銀行局","銀行法 第 61-1 條: 銀行違反法令、章程或有礙健全經營之虞時，主管機關除得予以糾正、命其限期改善外，並得視情節之輕重，為下列處分：一、撤銷法定會議之決議。二、停止銀行部分業務。三、限制投資。四、命令或禁止特定資產之處分或移轉。五、命令限期裁撤分支機構或部門。六、命令銀行解除經理人、職員之職務或停止其於一定期間內執行職務。七、解除董事、監察人職務或停止其於一定期間內執行職務。八、命令提撥一定金額之準備。九、其他必要之處置。 | 依前項第七款解除董事、監察人職務時，由主管機關通知公司登記主管機關撤銷或廢止其董事、監察人登記。 | 為改善銀行之營運缺失而有業務輔導之必要時，主管機關得指定機構辦理之。
票券金融管理法 第 51 條: 票券金融公司違反法令、章程或有礙健全經營之虞時，準用銀行法第六十一條之一規定。
金融控股公司法 第 54 條: 金融控股公司有違反法令、章程或有礙健全經營之虞時，主管機關除得予以糾正、限期令其改善外，並得視情節之輕重，為下列處分：一、撤銷法定會議之決議。二、停止其子公司一部或全部業務。三、令其解除經理人或職員之職務。四、解除董事、監察人職務或停止其於一定期間內執行職務。五、令其處分持有子公司之股份。六、廢止許可。七、其他必要之處置。 | 依前項第四款解除董事、監察人職務時，由主管機關通知經濟部廢止其董事或監察人登記。 | 依第一項第六款廢止許可時，主管機關應令該金融控股公司於一定期限內處分其對銀行、保險公司或證券商持有之已發行有表決權股份或資本額及直接、間接選任或指派之董事人數至不符第四條第一款規定，並令其不得再使用金融控股公司之名稱及辦理公司變更登記；未於期限內處分完成者，應令其進行解散及清算。
電子支付機構管理條例 第 38 條: 專營電子支付機構違反法令、章程或其行為有礙健全經營之虞時，主管機關除得予以糾正、令其限期改善外，並得視情節之輕重，為下列處分：一、撤銷股東會或董事會等法定會議之決議。二、廢止專營電子支付機構全部或部分業務之許可。三、命令專營電子支付機構解除經理人或職員之職務。四、解除董事、監察人職務或停止其於一定期間內執行職務。五、命令提撥一定金額之準備或令其增資。六、其他必要之處置。 | 主管機關依前項第四款解除董事、監察人職務時，應通知公司登記主管機關廢止其董事、監察人登記。 | 非電子支付機構經主管機關許可經營第四條第四項所定國外小額匯兌及有關之買賣外幣業務，違反法令、章程或有礙健全經營之虞時，準用前二項規定。"
"金融監督管理委員會　裁處書
受文者：如正副本
發文日期：中華民國113年2月1日
發文字號：金管銀國字第11302700992號
受處分人：台中商業銀行股份有限公司
營利事業統一編號：51816908
地址：台中市西區民權路87號
代表人或管理人姓名：王OO
地址：同上
主旨：貴行內部控制制度未能有效運作，違反銀行法第45條之1第1項規定並有礙健全經營之虞，依同法第129條第7款規定，核處新臺幣（下同）1,200萬元罰鍰，併依同法第61條之1第1項規定予以糾正。
事實：本會檢查局112年3月2日至30日對貴行辦理一般業務檢查，發現貴行及子公司涉有下列缺乏有效內部控制之缺失：
一、貴行就租用航空器及高價公務車之決策、招標程序及使用管理欠妥，支付租金不符成本效益，且高價公務車調派未留存紀錄，無法佐證確為公務使用。
二、貴行人員110及111年度出差國外有由非行員之外賓陪同及報支旅運費，且支付出差行程以外費用。
三、貴行對授信對象往來情形，未依貴行內部規定評估及留存檢核紀錄。
四、貴行業務交際費報支作業有未具體敘明交際對象與銀行業務之關係並覈實審查。另涉及業務機密得免填列交際對象之費用金額及比率偏高，不利確認是否與業務相關。
五、台中銀保險經紀人股份有限公司(下稱保經子公司)有租用航空器、租用招待所及租用公務車等缺失。
理由及法令依據：
一、銀行法第45條之1第1項、第129條第7款、第61條之1第1項。
二、依前揭事實，貴行核有下列未完善建立及未確實執行內部控制制度之缺失，違反銀行法第45條之1第1項，並有礙健全經營之虞，依同法第129條第7款規定核處1,200萬元罰鍰，併依同法第61條之1第1項規定予以糾正：
(一)貴行租用航空器及高價公務車之決策顯有不當，核有礙健全經營之虞：貴行為拓展海外業務，自109年起租用航空器，13個月租金總計達1.04億元，期間均未使用，租用航空器之必要性之決策顯欠妥當，及109年9月至110年9月租用高價公務車提供禮賓接送服務，每月租金82萬元，租賃期間僅有2次客戶申請體驗，明顯不符成本效益。
(二)未確實執行內部控制制度：
１、特定授信戶廣告費收入主要來自貴行及保經子公司(例如：保經子公司107年支付特定授信戶之廣告費，占該授信戶營收之90.5%、貴行110年及111年支付該授信戶之廣告費，約占貴行當年度廣告費支出之50%)，且貴行及保經子公司支付該授信戶及其相關企業廣告費及航空器、公務車與招待所之租金總計已逾10億元，惟貴行對該授信戶辦理授信時，未依貴行內部規定評估經濟實質關係及留存檢核紀錄，以利後續交易之控管。
２、貴行未落實督導保經子公司，致保經子公司租用航空器之評估、租用公務車之招標與使用管理及招待所續租使用與留存紀錄等作業，未完善建立及未確實執行內部控制制度。
３、貴行辦理租用高價公務車之招標時，未落實執行限制性招標之規範，逕向前揭相關企業租用，及貴行人員110年及111年出差國外，未落實出差費用報支規範。
(三)未完善建立內部控制制度：貴行租用前揭航空器未完善建立招標相關比價等作業程序；未就高價公務車之調派與紀錄留存建立相關規範；及未就交際費報支金額之合理性建立相關控管機制。
繳款方式：
一、繳款期限：自本處分送達之次日起10日內繳納。
二、請依本會銀行局檢附之繳款單注意事項辦理繳納。
注意事項：
一、受處分人如不服本處分，應於本處分送達之次日起30日內，依訴願法第58條第1項規定，繕具訴願書經由本會（新北市板橋區縣民大道二段7號18樓）向行政院提起訴願。惟依訴願法第93條第1項規定，除法律另有規定外，訴願之提起並不停止本處分之執行，受處分人仍應繳納罰鍰。
二、受處分人如逾本處分所定繳款期限不繳納罰鍰者，即依行政執行法第4條第1項但書規定，移送法務部行政執行署各分署辦理行政執行。
正本：台中商業銀行股份有限公司（代表人王OO先生）
副本：中央銀行、中央存款保險股份有限公司(代表人蘇OO先生)、本會檢查局、保險局、銀行局","銀行法 第 45-1 條: 銀行應建立內部控制及稽核制度；其目的、原則、政策、作業程序、內部稽核人員應具備之資格條件、委託會計師辦理內部控制查核之範圍及其他應遵行事項之辦法，由主管機關定之。 | 銀行對資產品質之評估、損失準備之提列、逾期放款催收款之清理及呆帳之轉銷，應建立內部處理制度及程序；其辦法，由主管機關定之。 | 銀行作業委託他人處理者，其對委託事項範圍、客戶權益保障、風險管理及內部控制原則，應訂定內部作業制度及程序；其辦法，由主管機關定之。 | 銀行辦理衍生性金融商品業務，其對該業務範圍、人員管理、客戶權益保障及風險管理，應訂定內部作業制度及程序；其辦法，由主管機關定之。
銀行法 第 61-1 條: 銀行違反法令、章程或有礙健全經營之虞時，主管機關除得予以糾正、命其限期改善外，並得視情節之輕重，為下列處分：一、撤銷法定會議之決議。二、停止銀行部分業務。三、限制投資。四、命令或禁止特定資產之處分或移轉。五、命令限期裁撤分支機構或部門。六、命令銀行解除經理人、職員之職務或停止其於一定期間內執行職務。七、解除董事、監察人職務或停止其於一定期間內執行職務。八、命令提撥一定金額之準備。九、其他必要之處置。 | 依前項第七款解除董事、監察人職務時，由主管機關通知公司登記主管機關撤銷或廢止其董事、監察人登記。 | 為改善銀行之營運缺失而有業務輔導之必要時，主管機關得指定機構辦理之。
銀行法 第 129 條: 有下列情事之一者，處新臺幣二百萬元以上五千萬元以下罰鍰：一、違反第二十一條、第二十二條或第五十七條或違反第一百二十三條準用第二十一條、第二十二條或第五十七條規定。二、違反第二十五條第一項規定發行股票。三、違反第二十八條第一項至第三項或違反第一百二十三條準用第二十八條第一項至第三項規定。四、違反主管機關依第三十三條之三或第三十六條或依第一百二十三條準用第三十三條之三或第三十六條規定所為之限制。五、違反主管機關依第四十三條或依第一百二十三條準用第四十三條規定所為之通知，未於限期內調整。六、違反第四十四條之一或主管機關依第四十四條之二第一項所為措施。七、未依第四十五條之一或未依第一百二十三條準用第四十五條之一規定建立內部控制與稽核制度、內部處理制度與程序、內部作業制度與程序或未確實執行。八、未依第一百零八條第二項或未依第一百二十三條準用第一百零八條第二項規定報核。九、違反第一百十條第四項或違反第一百二十三條準用第一百十條第四項規定，未提足特別準備金。十、違反第一百十五條第一項或違反第一百二十三條準用第一百十五條第一項募集共同信託基金。十一、違反第四十八條規定。"
"金融監督管理委員會　裁處書
受文者：如正副本
發文日期：中華民國113年1月31日
發文字號：金管銀控字第11201447722號
受處分人：華南商業銀行股份有限公司
營利事業統一編號：03742301
地址：臺北市信義區松仁路123號
代表人或管理人姓名：張OO
地址：同上
主旨：貴行處理財金資訊股份有限公司(下稱財金公司)代發統一發票獎金入帳作業異常所涉缺失一案，核有違反銀行法第45條之1第1項規定，依同法第129條第7款規定，核處新臺幣(以下同)400萬元罰鍰。
事實：貴行執行各款項代收付作業之資訊系統，於112年6月1日變更為新建之「台外幣代收付系統」。於112年6月6日凌晨1點39分執行財金公司代發統一發票獎金入帳作業時，因該系統轉檔時發生金額欄位移位，造成入帳金額多2個零，共計35,952筆異常入帳，誤匯入金額20.25億元(正確撥付金額應為2,025.89萬元)。雖貴行於當日凌晨4點28分執行帳務更正作業，惟因部分客戶帳戶已轉出資金或代扣繳公用事業費用，導致帳戶餘額不足無法更正，最終受影響客戶計142戶、未得及時收回金額918萬元。案關缺失顯示貴行有未完善建立及未確實執行內部控制制度之情事。
理由及法令依據：
一、銀行法第45條之1第1項及其授權訂定之「金融控股公司及銀行業內部控制及稽核制度實施辦法」(下稱內控內稽辦法)第3條第1項、第8條第1項規定，銀行應建立內部控制制度，包括資訊業務規範、金融消費者保護之管理及重大偶發事件之處理機制等。另依銀行法第129條第7款規定，銀行未依第45條之1建立內部控制制度或確實執行者，處200萬元以上5,000萬元以下罰鍰。
二、經核貴行有下列未完善建立及未確實執行內部控制制度之缺失事項：
(一)資訊系統轉換作業未完善建立客戶權益保護措施：貴行「台外幣代收付系統」係執行各項入扣帳款交易服務，其重要性應屬「金融機構資通安全防護基準」規定之第一類電腦系統範疇。惟查貴行資訊系統轉換之緊急應變計畫及教育訓練並未規範納入客服部門，以致系統異常事件發生時，貴行客服部門接獲客戶投訴未得即時回應，且於事發後逾13小時始發送簡訊通知客戶，亦不利客戶掌握自身權益受影響情形。
(二)未確實執行資訊系統轉換作業相關規範：
１、系統轉換前未落實測試作業：貴行於案關系統轉換前之準備工作，發現誤用財金公司之其他來源檔格式後，並未依內規進行平行測試或整體性演練，即逕行上線。
２、轉換後未監控系統上線情形：系統上線後首次執行統一發票獎金入帳批次作業，貴行未依內規配置適當人員持續監控系統上線作業及確保資料正確，而係貴行客服部門接獲客戶來電始發現異常並聯繫資訊單位人員到行處理。
(三)未確實執行重大偶發事件通報程序：銀行發生重大偶發事件應立即通報。本案資訊系統異常事件發生時間為112年6月6日凌晨1點間，共計35,952筆異常入帳。貴行於案發次日依本會銀行局電話通知，始於112年6月7日晚上9點間通報重大偶發事件，未針對系統異常事件之影響程度落實執行重大偶發事件之通報程序。
(四)查核報告未能完整提供事件過程：稽核單位作為內部控制制度的第三道防線，應詳實說明事件過程及檢討問題根因，才能發揮改善之功能。本案貴行所報重大偶發事件查核報告，未完整提供事件過程相關重要資訊，影響貴行查核報告之正確性及完整性，內部控制制度未有效運作。
三、上開缺失顯示貴行有未完善建立及未確實執行內部控制制度之情事，核有違反銀行法第45條之1第1項及該條授權訂定之內控內稽辦法第3條第1項、第8條第1項規定，爰依銀行法第129條第7款規定，核處400萬元罰鍰。
繳款方式：
一、繳款期限：自本處分送達之次日起10日內繳納。
二、請依本會銀行局檢附之繳款單注意事項辦理繳納。
注意事項：
一、受處分人如不服本處分，應於本處分送達之次日起30日內，依訴願法第58條第1項規定，繕具訴願書經由本會（新北市板橋區縣民大道二段7號18樓）向行政院提起訴願。惟依訴願法第93條第1項規定，除法律另有規定外，訴願之提起並不停止本處分之執行，受處分人仍應繳納罰鍰。
二、受處分人如逾本處分所定繳款期限不繳納罰鍰者，即依行政執行法第4條第1項但書規定，移送法務部行政執行署各分署辦理行政執行。
正本：華南商業銀行股份有限公司（代表人張OO先生）
副本：華南金融控股股份有限公司（代表人張OO先生）、中央銀行、中央存款保險股份有限公司(代表人蘇OO先生)、本會檢查局、銀行局","銀行法 第 45-1 條: 銀行應建立內部控制及稽核制度；其目的、原則、政策、作業程序、內部稽核人員應具備之資格條件、委託會計師辦理內部控制查核之範圍及其他應遵行事項之辦法，由主管機關定之。 | 銀行對資產品質之評估、損失準備之提列、逾期放款催收款之清理及呆帳之轉銷，應建立內部處理制度及程序；其辦法，由主管機關定之。 | 銀行作業委託他人處理者，其對委託事項範圍、客戶權益保障、風險管理及內部控制原則，應訂定內部作業制度及程序；其辦法，由主管機關定之。 | 銀行辦理衍生性金融商品業務，其對該業務範圍、人員管理、客戶權益保障及風險管理，應訂定內部作業制度及程序；其辦法，由主管機關定之。
銀行法 第 129 條: 有下列情事之一者，處新臺幣二百萬元以上五千萬元以下罰鍰：一、違反第二十一條、第二十二條或第五十七條或違反第一百二十三條準用第二十一條、第二十二條或第五十七條規定。二、違反第二十五條第一項規定發行股票。三、違反第二十八條第一項至第三項或違反第一百二十三條準用第二十八條第一項至第三項規定。四、違反主管機關依第三十三條之三或第三十六條或依第一百二十三條準用第三十三條之三或第三十六條規定所為之限制。五、違反主管機關依第四十三條或依第一百二十三條準用第四十三條規定所為之通知，未於限期內調整。六、違反第四十四條之一或主管機關依第四十四條之二第一項所為措施。七、未依第四十五條之一或未依第一百二十三條準用第四十五條之一規定建立內部控制與稽核制度、內部處理制度與程序、內部作業制度與程序或未確實執行。八、未依第一百零八條第二項或未依第一百二十三條準用第一百零八條第二項規定報核。九、違反第一百十條第四項或違反第一百二十三條準用第一百十條第四項規定，未提足特別準備金。十、違反第一百十五條第一項或違反第一百二十三條準用第一百十五條第一項募集共同信託基金。十一、違反第四十八條規定。
金融控股公司及銀行業內部控制及稽核制度實施辦法 第 3 條: 金融控股公司及銀行業應建立內部控制制度，並確保該制度得以持續有效執行，以健全金融控股公司（含子公司）與銀行業經營。 | 金融控股公司（含子公司）與銀行業應規劃整體經營策略、風險管理政策與指導準則，並擬定經營計畫、風險管理程序及執行準則。
金融控股公司及銀行業內部控制及稽核制度實施辦法 第 8 條: 內部控制制度應涵蓋所有營運活動，並應訂定下列適當之政策及作業程序，且應適時檢討修訂：一、組織規程或管理章則，應包括訂定明確之組織系統、單位職掌、業務範圍與明確之授權及分層負責辦法。二、相關業務規範及處理手冊，包括：（一）投資準則。（二）客戶資料保密。（三）利害關係人交易規範。（四）股權管理。（五）財務報表編製流程之管理，包括適用國際財務報導準則之管理、會計專業判斷程序、會計政策與估計變動之流程等。（六）總務、資訊、人事管理（銀行業應含輪調及休假規定）。（七）對外資訊揭露作業管理。（八）金融檢查報告之管理。（九）金融消費者保護之管理。（十）重大偶發事件之處理機制。（十一）防制洗錢及打擊資恐機制及相關法令之遵循管理，包括辨識、衡量、監控洗錢及資恐風險之管理機制。（十二）其他業務之規範及作業程序。 | 金融控股公司業務規範及處理手冊應另包括子公司之管理及共同行銷管理。 | 銀行業務規範及處理手冊應另包括出納、存款、匯兌、授信、外匯、新種金融商品及委外作業管理。 | 信用合作社業務規範及處理手冊應另包括出納、存款、授信、匯兌及委外作業管理。 | 票券商業務規範及處理手冊應另包括票券、債券及新種金融商品等業務。 | 信託業作業手冊之範本由信託業商業同業公會訂定，其內容應區分業務作業流程、會計作業流程、電腦作業規範、人事管理制度等項。信託業應參考範本訂定作業手冊，並配合法規、業務項目、作業流程等之變更，定期修訂。 | 股票已在證券交易所上市或於證券商營業處所買賣之金融控股公司及銀行業，應將薪資報酬委員會運作之管理納入內部控制制度。 | 金融控股公司及銀行業設置審計委員會者，其內部控制制度，應包括審計委員會議事運作之管理。 | 金融控股公司及銀行業應於內部控制制度中，訂定對子公司必要之控制作業，其為國外子公司者，並應考量該子公司所在地政府法令之規定及實際營運之性質，督促其子公司建立內部控制制度。 | 金融控股公司及銀行業應建立集團整體性防制洗錢及打擊資恐計畫，包括在符合國外分公司（或子公司）當地法令下，以防制洗錢及打擊資恐為目的之集團內資訊分享政策及程序。 | 前十項各種作業及管理規章之訂定、修訂或廢止，必要時應有法令遵循、內部稽核及風險管理單位等相關單位之參與。第三章內部控制制度之查核"
